<addon id="repository.emad.pythonanywhere" name="EMAD PythonAnywhere Repository" version="6.6.0" provider-name="EMAD MAHDI">
	<extension point="xbmc.addon.pythonanywhere" name="EMAD PythonAnywhere Repository">
		<dir minversion="19.0.0">
			<info compressed="false">http://emadmahdi.pythonanywhere.com/KODIREPO/ADDONS19/addons19.xml</info>
			<checksum>http://emadmahdi.pythonanywhere.com/KODIREPO/ADDONS19/addons19.xml.md5</checksum>
			<datadir zip="true">http://emadmahdi.pythonanywhere.com/KODIREPO/ADDONS19/</datadir>
		</dir>
		<dir minversion="18.0.0">
			<info compressed="false">http://emadmahdi.pythonanywhere.com/KODIREPO/ADDONS18/addons18.xml</info>
			<checksum>http://emadmahdi.pythonanywhere.com/KODIREPO/ADDONS18/addons18.xml.md5</checksum>
			<datadir zip="true">http://emadmahdi.pythonanywhere.com/KODIREPO/ADDONS18/</datadir>
		</dir>
		<dir>
			<info compressed="false">http://emadmahdi.pythonanywhere.com/KODIREPO/ADDONS/addons.xml</info>
			<checksum>http://emadmahdi.pythonanywhere.com/KODIREPO/ADDONS/addons.xml.md5</checksum>
			<datadir zip="true">http://emadmahdi.pythonanywhere.com/KODIREPO/ADDONS/</datadir>
		</dir>
	</extension>
	<extension point="xbmc.addon.metadata">
		<summary lang="en">Install addons from EMAD</summary>
		<description lang="en">Download and install addons from EMAD</description>
		<platform>all</platform>
	</extension>
</addon>
