<?xml version="1.0" encoding="UTF-8"?>
<window>
	<defaultcontrol always="true">9000</defaultcontrol>
	<include>Animation_OpenCloseFade</include>
	<coordinates>
		<system>1</system>
		<posx>0</posx>
		<posy>0</posy>
		<origin x="0" y="80" />
	</coordinates>
	<controls>
		<control type="group">
			<animation type="Conditional" condition="Window.IsActive(addonsettings) | Window.IsActive(yesnodialog) | Window.IsActive(progressdialog) | Window.IsActive(okdialog)">
				<effect type="zoom" time="600" center="640,360" start="100" end="50" tween="cubic" easing="inout" />
				<effect type="fade" time="400" start="100" end="0" />
			</animation>
			<control type="group">
				<control type="label">
					<posx>460</posx>
					<posy>0</posy>
					<width>790</width>
					<height>38</height>
					<font>METF_FontAMPM</font>
					<textcolor>SettingsTitle</textcolor>
					<align>left</align>
					<aligny>center</aligny>
					<label>$INFO[ListItem.AddonName]</label>
				</control>
				<control type="label">
					<posx>460</posx>
					<posy>76</posy>
					<width>570</width>
					<height>38</height>
					<font>METF_ContextValue</font>
					<textcolor>SettingsDetail</textcolor>
					<align>left</align>
					<aligny>center</aligny>
					<label>[UPPERCASE]$LOCALIZE[146][/UPPERCASE] $INFO[ListItem.AddonType]</label>
				</control>
				<control type="label">
					<posx>460</posx>
					<posy>114</posy>
					<width>570</width>
					<height>38</height>
					<font>METF_ContextValue</font>
					<textcolor>SettingsDetail</textcolor>
					<align>left</align>
					<aligny>center</aligny>
					<label>[UPPERCASE]$LOCALIZE[21863]:[/UPPERCASE] $INFO[ListItem.AddonCreator]</label>
				</control>
				<control type="label">
					<posx>460</posx>
					<posy>152</posy>
					<width>570</width>
					<height>38</height>
					<font>METF_ContextValue</font>
					<textcolor>SettingsDetail</textcolor>
					<align>left</align>
					<aligny>center</aligny>
					<label>[UPPERCASE]$LOCALIZE[24051][/UPPERCASE] $INFO[ListItem.AddonVersion]</label>
				</control>
				<control type="label">
					<posx>460</posx>
					<posy>190</posy>
					<width>790</width>
					<height>38</height>
					<font>METF_ContextValue</font>
					<textcolor>SettingsDetail</textcolor>
					<align>left</align>
					<aligny>center</aligny>
					<label>[UPPERCASE]$LOCALIZE[20037]:[/UPPERCASE] $INFO[ListItem.AddonSummary]</label>
				</control>
				<control type="label">
					<posx>460</posx>
					<posy>228</posy>
					<width>790</width>
					<height>38</height>
					<font>METF_ContextValue</font>
					<textcolor>SettingsDetail</textcolor>
					<align>left</align>
					<aligny>center</aligny>
					<scroll>True</scroll>
					<label>[UPPERCASE]$LOCALIZE[24052]:[/UPPERCASE] $INFO[ListItem.AddonDisclaimer]</label>
				</control>
				<control type="label">
					<posx>460</posx>
					<posy>266</posy>
					<width>790</width>
					<height>38</height>
					<font>METF_ContextValue</font>
					<textcolor>SettingsDetail</textcolor>
					<align>left</align>
					<aligny>center</aligny>
					<scroll>True</scroll>
					<label>[UPPERCASE]$LOCALIZE[24054]:[/UPPERCASE]</label>
				</control>
				<control type="textbox" id="5">
					<description>Textarea</description>
					<posx>460</posx>
					<posy>304</posy>
					<width>790</width>
					<height>140</height>
					<font>METF_ContextValue</font>
					<textcolor>SettingsDetail</textcolor>
					<align>left</align>
					<aligny>top</aligny>
					<label>$INFO[ListItem.AddonNews]</label>
					<autoscroll time="4000" delay="3000" repeat="5000">true</autoscroll>
				</control>

			</control>
			<control type="panel" id="50">
				<left>1040</left>
				<top>70</top>
				<width>202</width>
				<height>114</height>
				<ondown>9000</ondown>
				<onup>9000</onup>
				<orientation>horizontal</orientation>
				<itemlayout height="225" width="405">
					<control type="image">
						<width>202</width>
						<height>114</height>
						<texture border="2" fallback="frames/episode_matte.png" background="true">$INFO[ListItem.Icon]</texture>
						<aspectratio>scale</aspectratio>
					</control>
				</itemlayout>
				<focusedlayout height="225" width="405">
					<control type="image">
						<width>202</width>
						<height>114</height>
						<texture border="2" fallback="frames/episode_matte.png" background="true">$INFO[ListItem.Icon]</texture>
						<aspectratio>scale</aspectratio>
					</control>
				</focusedlayout>
			</control>
			<control type="group" id="9000">
				<control type="button" id="6">
					<description>Enable</description>
					<include>SettingsLabelLeft</include>
					<posx>0</posx>
					<posy>50</posy>
					<label>24022</label>
					<onup>13</onup>
					<ondown>7</ondown>
					<onleft>Dialog.Close(addoninformation)</onleft>
					<onright>50</onright>
				</control>
				<control type="button" id="7">
					<description>Disable</description>
					<include>SettingsLabelLeft</include>
					<posx>0</posx>
					<posy>100</posy>
					<label>24021</label>
					<onup>6</onup>
					<ondown>9</ondown>
					<onleft>Dialog.Close(addoninformation)</onleft>
					<onright>50</onright>
				</control>
				<control type="button" id="9">
					<description>Settings</description>
					<include>SettingsLabelLeft</include>
					<posx>0</posx>
					<posy>150</posy>
					<label>24020</label>
					<onup>7</onup>
					<ondown>8</ondown>
					<onleft>Dialog.Close(addoninformation)</onleft>
					<onright>50</onright>
				</control>
				<control type="button" id="8">
					<description>Update</description>
					<include>SettingsLabelLeft</include>
					<posx>0</posx>
					<posy>200</posy>
					<label>24069</label>
					<onup>9</onup>
					<ondown>10</ondown>
					<onleft>Dialog.Close(addoninformation)</onleft>
					<onright>50</onright>
				</control>
				<control type="button" id="10">
					<description>Dependencies</description>
					<include>SettingsLabelLeft</include>
					<posx>0</posx>
					<posy>250</posy>
					<label>39024</label>
					<onup>8</onup>
					<ondown>12</ondown>
					<onleft>Dialog.Close(addoninformation)</onleft>
					<onright>50</onright>
				</control>
				<control type="button" id="12">
					<description>Launch Addon button</description>
					<include>SettingsLabelLeft</include>
					<posx>0</posx>
					<posy>300</posy>
					<label>518</label>
					<onup>10</onup>
					<ondown>13</ondown>
					<onleft>Dialog.Close(addoninformation)</onleft>
					<onright>50</onright>
				</control>
				<control type="radiobutton" id="13">
					<description>Auto-Update Addon button</description>
					<include>SettingsLabelLeftIcon</include>
					<posx>0</posx>
					<posy>350</posy>
					<label>21340</label>
					<onup>12</onup>
					<ondown>6</ondown>
					<onleft>Dialog.Close(addoninformation)</onleft>
					<onright>50</onright>
				</control>
			</control>
		</control>
	</controls>
</window>
