<?xml version="1.0" encoding="UTF-8"?>
<window>
	<defaultcontrol always="true">9000</defaultcontrol>
	<controls>
		<!-- Player Process Info -->
		<control type="group">
			<include>Animation_OpenCloseFade</include>
			<include>Animation_FadedByOSDSettings</include>
			<left>630</left>
			<top>110</top>
			<visible>Window.IsActive(FullScreenVideo) + !VideoPlayer.Content(LiveTV)</visible>
			<control type="image">
				<description>media info background image</description>
				<left>0</left>
				<top>-50</top>
				<width>650</width>
				<height>500</height>
				<texture>frames/Dialog_Glass2Panel.png</texture>
			</control>
			<control type="label">
				<description>Header</description>
				<left>50</left>
				<top>30</top>
				<width>565</width>
				<height>25</height>
				<label>$LOCALIZE[31136]</label>
				<align>left</align>
				<aligny>center</aligny>
				<font>METF_Date</font>
				<textcolor>Temp</textcolor>
				<visible>Player.HasVideo</visible>
			</control>
			<control type="label">
				<description>Video decoder</description>
				<left>50</left>
				<top>60</top>
				<width>205</width>
				<height>25</height>
				<label>$LOCALIZE[31139]:</label>
				<align>left</align>
				<aligny>center</aligny>
				<font>METF_HomeStatsText</font>
				<textcolor>HomeStatsCategory</textcolor>
				<visible>Player.HasVideo</visible>
			</control>
			<control type="label">
				<description>Hardware decoding value</description>
				<left>260</left>
				<top>60</top>
				<width>345</width>
				<height>25</height>
				<label>$INFO[Player.Process(videodecoder)]$VAR[VideoHWDecoder, (,)]</label>
				<align>left</align>
				<aligny>center</aligny>
				<font>METF_HomeStatsText</font>
				<textcolor>HomeStatsNumber</textcolor>
				<visible>Player.HasVideo</visible>
			</control>
			<control type="label">
				<description>Pixel format</description>
				<left>50</left>
				<top>85</top>
				<width>205</width>
				<height>25</height>
				<label>$LOCALIZE[31140]:</label>
				<align>left</align>
				<aligny>center</aligny>
				<font>METF_HomeStatsText</font>
				<textcolor>HomeStatsCategory</textcolor>
				<visible>Player.HasVideo</visible>
			</control>
			<control type="label">
				<description>Pixel format value</description>
				<left>260</left>
				<top>85</top>
				<width>345</width>
				<height>25</height>
				<label fallback="1446">$INFO[Player.Process(pixformat)]</label>
				<align>left</align>
				<aligny>center</aligny>
				<font>METF_HomeStatsText</font>
				<textcolor>HomeStatsNumber</textcolor>
				<visible>Player.HasVideo</visible>
			</control>
			<control type="label">
				<description>Deinterlace method</description>
				<left>50</left>
				<top>110</top>
				<width>205</width>
				<height>25</height>
				<label>$LOCALIZE[16038]:</label>
				<align>left</align>
				<aligny>center</aligny>
				<font>METF_HomeStatsText</font>
				<textcolor>HomeStatsCategory</textcolor>
				<visible>Player.HasVideo</visible>
			</control>
			<control type="label">
				<description>Deinterlace value</description>
				<left>260</left>
				<top>110</top>
				<width>345</width>
				<height>25</height>
				<label fallback="1446">$INFO[Player.Process(deintmethod)]</label>
				<align>left</align>
				<aligny>center</aligny>
				<font>METF_HomeStatsText</font>
				<textcolor>HomeStatsNumber</textcolor>
				<visible>Player.HasVideo</visible>
			</control>
			<control type="label">
				<description>Video stream</description>
				<left>50</left>
				<top>135</top>
				<width>205</width>
				<height>25</height>
				<label>$LOCALIZE[38031]:</label>
				<align>left</align>
				<aligny>center</aligny>
				<font>METF_HomeStatsText</font>
				<textcolor>HomeStatsCategory</textcolor>
				<visible>Player.HasVideo</visible>
			</control>
			<control type="label">
				<description>Video stream value</description>
				<left>260</left>
				<top>135</top>
				<width>345</width>
				<height>25</height>
				<label fallback="1446">$INFO[Player.Process(videowidth),,x]$INFO[Player.Process(videoheight),, px]$INFO[Player.Process(videodar),$COMMA , AR]$INFO[Player.Process(videofps),$COMMA , FPS]</label>
				<align>left</align>
				<aligny>center</aligny>
				<font>METF_HomeStatsText</font>
				<textcolor>HomeStatsNumber</textcolor>
				<visible>Player.HasVideo</visible>
			</control>
			<control type="label">
				<description>Header</description>
				<left>50</left>
				<top>165</top>
				<width>565</width>
				<height>25</height>
				<label>$LOCALIZE[31137]</label>
				<align>left</align>
				<aligny>center</aligny>
				<font>METF_Date</font>
				<textcolor>Temp</textcolor>
			</control>
			<control type="label">
				<description>Audio stream</description>
				<left>50</left>
				<top>195</top>
				<width>205</width>
				<height>25</height>
				<label>$LOCALIZE[460]:</label>
				<align>left</align>
				<aligny>center</aligny>
				<font>METF_HomeStatsText</font>
				<textcolor>HomeStatsCategory</textcolor>
			</control>
			<control type="label">
				<description>Audio stream value</description>
				<left>260</left>
				<top>195</top>
				<width>345</width>
				<height>25</height>
				<label fallback="1446">$INFO[Player.Process(audiodecoder)]$INFO[Player.Process(audiobitspersample),$COMMA , bit]$INFO[Player.Process(audiosamplerate),$COMMA , Hz]</label>
				<align>left</align>
				<aligny>center</aligny>
				<font>METF_HomeStatsText</font>
				<textcolor>HomeStatsNumber</textcolor>
			</control>
			<control type="label">
				<description>Channels</description>
				<left>50</left>
				<top>220</top>
				<width>205</width>
				<height>25</height>
				<label>$LOCALIZE[31141]:</label>
				<align>left</align>
				<aligny>center</aligny>
				<font>METF_HomeStatsText</font>
				<textcolor>HomeStatsCategory</textcolor>
			</control>
			<control type="label">
				<description>Channels value</description>
				<left>260</left>
				<top>220</top>
				<width>345</width>
				<height>25</height>
				<label fallback="1446">$INFO[Player.Process(audiochannels)]</label>
				<align>left</align>
				<aligny>center</aligny>
				<font>METF_HomeStatsText</font>
				<textcolor>HomeStatsNumber</textcolor>
			</control>
			<control type="label">
				<description>Header</description>
				<left>50</left>
				<top>250</top>
				<width>565</width>
				<height>25</height>
				<label>$LOCALIZE[31138]</label>
				<align>left</align>
				<aligny>center</aligny>
				<font>METF_Date</font>
				<textcolor>Temp</textcolor>
			</control>
			<control type="label">
				<description>CPU</description>
				<left>50</left>
				<top>280</top>
				<width>205</width>
				<height>25</height>
				<label>$LOCALIZE[31142]:</label>
				<align>left</align>
				<aligny>center</aligny>
				<font>METF_HomeStatsText</font>
				<textcolor>HomeStatsCategory</textcolor>
			</control>
			<control type="label">
				<description>CPU value</description>
				<left>260</left>
				<top>280</top>
				<width>340</width>
				<height>25</height>
				<info>System.CpuUsage</info>
				<align>left</align>
				<aligny>center</aligny>
				<font>METF_HomeStatsText</font>
				<textcolor>HomeStatsNumber</textcolor>
				<visible>String.StartsWith(System.CpuUsage,CPU)</visible>
			</control>
			<control type="progress">
				<description>Progress Bar</description>
				<left>260</left>
				<top>287</top>
				<width>275</width>
				<height>14</height>
				<reveal>true</reveal>
				<texturebg>osd/osd_progress_back2.png</texturebg>
				<lefttexture>osd/osd_progress_left2.png</lefttexture>
				<midtexture>osd/osd_progress_mid2.png</midtexture>
				<righttexture>osd/osd_progress_right2.png</righttexture>
				<colordiffuse>DialogProgressBar</colordiffuse>
				<info>System.CpuUsage</info>
				<visible>!String.StartsWith(System.CpuUsage,CPU)</visible>
			</control>
			<control type="label">
				<description>CPU value</description>
				<left>545</left>
				<top>280</top>
				<width>180</width>
				<height>25</height>
				<info>System.CpuUsage</info>
				<align>left</align>
				<aligny>center</aligny>
				<font>METF_HomeStatsText</font>
				<textcolor>HomeStatsNumber</textcolor>
				<visible>!String.StartsWith(System.CpuUsage,CPU)</visible>
			</control>
			<control type="label">
				<description>Memory</description>
				<left>50</left>
				<top>305</top>
				<width>205</width>
				<height>25</height>
				<label>$LOCALIZE[31143]:</label>
				<align>left</align>
				<aligny>center</aligny>
				<font>METF_HomeStatsText</font>
				<textcolor>HomeStatsCategory</textcolor>
			</control>
			<control type="progress">
				<description>Progress Bar</description>
				<left>260</left>
				<top>312</top>
				<width>275</width>
				<height>14</height>
				<reveal>true</reveal>
				<texturebg>osd/osd_progress_back2.png</texturebg>
				<lefttexture>osd/osd_progress_left2.png</lefttexture>
				<midtexture>osd/osd_progress_mid2.png</midtexture>
				<righttexture>osd/osd_progress_right2.png</righttexture>
				<colordiffuse>DialogProgressBar</colordiffuse>
				<info>System.Memory(used)</info>
			</control>
			<control type="label">
				<description>Memory value</description>
				<left>545</left>
				<top>305</top>
				<width>180</width>
				<height>25</height>
				<label>$INFO[System.Memory(used.percent)]</label>
				<align>left</align>
				<aligny>center</aligny>
				<font>METF_HomeStatsText</font>
				<textcolor>HomeStatsNumber</textcolor>
			</control>
			<control type="grouplist" id="9000">
				<orientation>horizontal</orientation>
				<left>50</left>
				<top>340</top>
				<width>560</width>
				<align>center</align>
				<control type="button">
					<description>Debug</description>
					<left>0</left>
					<top>0</top>
					<height>40</height>
					<width>230</width>
					<align>center</align>
					<aligny>center</aligny>
					<font>METF_DialogLargeBold</font>
					<textcolor>TextNF</textcolor>
					<disabledcolor>TextDisabled</disabledcolor>
					<focusedcolor>DialogTextFO</focusedcolor>
					<selectedcolor>DialogTextFO</selectedcolor>
					<texturefocus>ButtonFO2.png</texturefocus>
					<pulseonselect>false</pulseonselect>
					<label>$LOCALIZE[31004]</label>
					<onclick>PlayerDebug</onclick>
				</control>
			</control>
		</control>

		<!-- PVR info -->
		<control type="group">
			<include>Animation_OpenCloseFade</include>
			<include>Animation_FadedByOSDSettings</include>
			<left>630</left>
			<top>110</top>
			<visible>Window.IsActive(FullScreenVideo) + VideoPlayer.Content(LiveTV)</visible>
			<control type="image">
				<description>media info background image</description>
				<left>0</left>
				<top>-50</top>
				<width>650</width>
				<height>458</height>
				<texture>frames/Dialog_Glass2Panel.png</texture>
			</control>
			<control type="label">
				<description>Header</description>
				<left>50</left>
				<top>30</top>
				<width>565</width>
				<height>25</height>
				<label>$LOCALIZE[19005]</label>
				<align>left</align>
				<aligny>center</aligny>
				<font>METF_Date</font>
				<textcolor>Temp</textcolor>
			</control>
			<control type="label">
				<description>Backend</description>
				<left>50</left>
				<top>60</top>
				<width>205</width>
				<height>25</height>
				<label>$LOCALIZE[19012]:</label>
				<align>left</align>
				<aligny>center</aligny>
				<font>METF_HomeStatsText</font>
				<textcolor>HomeStatsCategory</textcolor>
			</control>
			<control type="label">
				<description>Backend value</description>
				<left>260</left>
				<top>60</top>
				<width>345</width>
				<height>25</height>
				<label>$INFO[PVR.ActStreamClient]</label>
				<align>left</align>
				<aligny>center</aligny>
				<font>METF_HomeStatsText</font>
				<textcolor>HomeStatsNumber</textcolor>
			</control>
			<control type="label">
				<description>Device</description>
				<left>50</left>
				<top>85</top>
				<width>205</width>
				<height>25</height>
				<label>$LOCALIZE[19006]:</label>
				<align>left</align>
				<aligny>center</aligny>
				<font>METF_HomeStatsText</font>
				<textcolor>HomeStatsCategory</textcolor>
			</control>
			<control type="label">
				<description>Device value</description>
				<left>260</left>
				<top>85</top>
				<width>345</width>
				<height>25</height>
				<label>$INFO[PVR.ActStreamDevice]</label>
				<align>left</align>
				<aligny>center</aligny>
				<font>METF_HomeStatsText</font>
				<textcolor>HomeStatsNumber</textcolor>
			</control>
			<control type="label">
				<description>Status</description>
				<left>50</left>
				<top>110</top>
				<width>205</width>
				<height>25</height>
				<label>$LOCALIZE[19007]:</label>
				<align>left</align>
				<aligny>center</aligny>
				<font>METF_HomeStatsText</font>
				<textcolor>HomeStatsCategory</textcolor>
			</control>
			<control type="label">
				<description>Status value</description>
				<left>260</left>
				<top>110</top>
				<width>345</width>
				<height>25</height>
				<label>$INFO[PVR.ActStreamStatus]</label>
				<align>left</align>
				<aligny>center</aligny>
				<font>METF_HomeStatsText</font>
				<textcolor>HomeStatsNumber</textcolor>
			</control>
			<control type="label">
				<description>Signal</description>
				<left>50</left>
				<top>135</top>
				<width>205</width>
				<height>25</height>
				<label>$LOCALIZE[19008]:</label>
				<align>left</align>
				<aligny>center</aligny>
				<font>METF_HomeStatsText</font>
				<textcolor>HomeStatsCategory</textcolor>
			</control>
			<control type="progress">
				<description>Progressbar</description>
				<left>260</left>
				<top>142</top>
				<width>275</width>
				<height>14</height>
				<reveal>true</reveal>
				<texturebg>osd/osd_progress_back2.png</texturebg>
				<lefttexture>osd/osd_progress_left2.png</lefttexture>
				<midtexture>osd/osd_progress_mid2.png</midtexture>
				<righttexture>osd/osd_progress_right2.png</righttexture>
				<colordiffuse>DialogProgressBar</colordiffuse>
				<info>PVR.ActStreamProgrSignal</info>
			</control>
			<control type="label">
				<description>Signal value</description>
				<left>545</left>
				<top>135</top>
				<width>180</width>
				<height>25</height>
				<label>$INFO[PVR.ActStreamSignal]</label>
				<align>left</align>
				<aligny>center</aligny>
				<font>METF_HomeStatsText</font>
				<textcolor>HomeStatsNumber</textcolor>
			</control>
			<control type="label">
				<description>SNR</description>
				<left>50</left>
				<top>160</top>
				<width>205</width>
				<height>25</height>
				<label>$LOCALIZE[19009]:</label>
				<align>left</align>
				<aligny>center</aligny>
				<font>METF_HomeStatsText</font>
				<textcolor>HomeStatsCategory</textcolor>
			</control>
			<control type="progress">
				<description>Progressbar</description>
				<left>260</left>
				<top>167</top>
				<width>275</width>
				<height>14</height>
				<reveal>true</reveal>
				<texturebg>osd/osd_progress_back2.png</texturebg>
				<lefttexture>osd/osd_progress_left2.png</lefttexture>
				<midtexture>osd/osd_progress_mid2.png</midtexture>
				<righttexture>osd/osd_progress_right2.png</righttexture>
				<colordiffuse>DialogProgressBar</colordiffuse>
				<info>PVR.ActStreamProgrSNR</info>
			</control>
			<control type="label">
				<description>SNR value</description>
				<left>545</left>
				<top>160</top>
				<width>180</width>
				<height>25</height>
				<label>$INFO[PVR.ActStreamSNR]</label>
				<align>left</align>
				<aligny>center</aligny>
				<font>METF_HomeStatsText</font>
				<textcolor>HomeStatsNumber</textcolor>
			</control>
			<control type="label">
				<description>BER</description>
				<left>50</left>
				<top>185</top>
				<width>205</width>
				<height>25</height>
				<label>$LOCALIZE[19010]:</label>
				<align>left</align>
				<aligny>center</aligny>
				<font>METF_HomeStatsText</font>
				<textcolor>HomeStatsCategory</textcolor>
			</control>
			<control type="label">
				<description>BER value</description>
				<left>260</left>
				<top>185</top>
				<width>345</width>
				<height>25</height>
				<label>$INFO[PVR.ActStreamBER]</label>
				<align>left</align>
				<aligny>center</aligny>
				<font>METF_HomeStatsText</font>
				<textcolor>HomeStatsNumber</textcolor>
			</control>
			<control type="label">
				<description>UNC</description>
				<left>50</left>
				<top>210</top>
				<width>205</width>
				<height>25</height>
				<label>$LOCALIZE[19011]:</label>
				<align>left</align>
				<aligny>center</aligny>
				<font>METF_HomeStatsText</font>
				<textcolor>HomeStatsCategory</textcolor>
			</control>
			<control type="label">
				<description>UNC value</description>
				<left>260</left>
				<top>210</top>
				<width>345</width>
				<height>25</height>
				<label>$INFO[PVR.ActStreamUNC]</label>
				<align>left</align>
				<aligny>center</aligny>
				<font>METF_HomeStatsText</font>
				<textcolor>HomeStatsNumber</textcolor>
			</control>
			<control type="label">
				<description>Service</description>
				<left>50</left>
				<top>235</top>
				<width>205</width>
				<height>25</height>
				<label>$LOCALIZE[19099]:</label>
				<align>left</align>
				<aligny>center</aligny>
				<font>METF_HomeStatsText</font>
				<textcolor>HomeStatsCategory</textcolor>
			</control>
			<control type="label">
				<description>Service value</description>
				<left>260</left>
				<top>235</top>
				<width>345</width>
				<height>25</height>
				<label>$INFO[PVR.ActStreamServiceName]</label>
				<align>left</align>
				<aligny>center</aligny>
				<font>METF_HomeStatsText</font>
				<textcolor>HomeStatsNumber</textcolor>
			</control>
			<control type="label">
				<description>Encryption</description>
				<left>50</left>
				<top>260</top>
				<width>205</width>
				<height>25</height>
				<label>$LOCALIZE[19015]:</label>
				<align>left</align>
				<aligny>center</aligny>
				<font>METF_HomeStatsText</font>
				<textcolor>HomeStatsCategory</textcolor>
			</control>
			<control type="label">
				<description>Encryption value</description>
				<left>260</left>
				<top>260</top>
				<width>345</width>
				<height>25</height>
				<label>$INFO[PVR.ActStreamEncryptionName]</label>
				<align>left</align>
				<aligny>center</aligny>
				<font>METF_HomeStatsText</font>
				<textcolor>HomeStatsNumber</textcolor>
			</control>
			<control type="label">
				<description>Provider</description>
				<left>50</left>
				<top>285</top>
				<width>205</width>
				<height>25</height>
				<label>$LOCALIZE[19101]:</label>
				<align>left</align>
				<aligny>center</aligny>
				<font>METF_HomeStatsText</font>
				<textcolor>HomeStatsCategory</textcolor>
			</control>
			<control type="label">
				<description>Provider value</description>
				<left>260</left>
				<top>285</top>
				<width>345</width>
				<height>25</height>
				<label>$INFO[PVR.ActStreamProviderName]</label>
				<align>left</align>
				<aligny>center</aligny>
				<font>METF_HomeStatsText</font>
				<textcolor>HomeStatsNumber</textcolor>
			</control>
			<control type="label">
				<description>Mux</description>
				<left>50</left>
				<top>310</top>
				<width>205</width>
				<height>25</height>
				<label>$LOCALIZE[19100]:</label>
				<align>left</align>
				<aligny>center</aligny>
				<font>METF_HomeStatsText</font>
				<textcolor>HomeStatsCategory</textcolor>
			</control>
			<control type="label">
				<description>Mux value</description>
				<left>260</left>
				<top>310</top>
				<width>345</width>
				<height>25</height>
				<label>$INFO[PVR.ActStreamMux]</label>
				<align>left</align>
				<aligny>center</aligny>
				<font>METF_HomeStatsText</font>
				<textcolor>HomeStatsNumber</textcolor>
			</control>
		</control>
		<include condition="Skin.HasSetting(DebugGrid)">Object_DebugGrid</include>
	</controls>
</window>
