<?xml version="1.0" encoding="UTF-8"?>
<includes>
	<include name="Banner3x2_ImagePos">
		<posx>40</posx>
		<posy>340</posy>
		<height>180</height>
		<width>1200</width>
	</include>
	<include name="Banner3x2_TitleYPos">
		<posy>280</posy>
	</include>
	<include name="Banner3x3_ImagePos">
		<posx>40</posx>
		<posy>250</posy>
		<height>270</height>
		<width>1200</width>
	</include>
	<include name="Banner3x3_TitleYPos">
		<posy>190</posy>
	</include>
	<include name="Banner3x4_ImagePos">
		<posx>40</posx>
		<posy>160</posy>
		<height>360</height>
		<width>1200</width>
	</include>
	<include name="Banner3x4_TitleYPos">
		<posy>100</posy>
	</include>
	<include name="Viewtype_Banner">
		<control type="group">
			<visible>Control.IsVisible(511)</visible>
			<!-- Browser -->
			<control type="panel" id="511">
				<include>Animation_OpenCloseFade</include>
				<include>Animation_FadedByMenu</include>
				<include>Animation_HiddenByInfo</include>
				<include condition="String.IsEqual(Skin.String(BannerViewHeight),2) | String.IsEmpty(Skin.String(BannerViewHeight))">Banner3x2_ImagePos</include>
				<include condition="String.IsEqual(Skin.String(BannerViewHeight),3)">Banner3x3_ImagePos</include>
				<include condition="String.IsEqual(Skin.String(BannerViewHeight),4)">Banner3x4_ImagePos</include>
				<viewtype label="$LOCALIZE[31286]">wide</viewtype>
				<include condition="!Skin.HasSetting(ViewLockdown)">OnLeft7000</include>
				<ondown>511</ondown>
				<onup>511</onup>
				<pagecontrol></pagecontrol>
				<orientation>vertical</orientation>
				<preloaditems>2</preloaditems>
				<scrolltime>200</scrolltime>
				<visible>!Skin.HasSetting(NoViewBanner)</visible>
				<visible>Window.IsActive(videos) + Container.Content(tvshows)</visible>
				<include>BannerViewCommon_Browser</include>
			</control>
			<control type="group">
				<include>Animation_OpenCloseFade</include>
				<include>Animation_FadedByMenu</include>
				<include>Animation_HiddenByInfo</include>
				<include condition="String.IsEqual(Skin.String(BannerViewHeight),2) | String.IsEmpty(Skin.String(BannerViewHeight))">Banner3x2_TitleYPos</include>
				<include condition="String.IsEqual(Skin.String(BannerViewHeight),3)">Banner3x3_TitleYPos</include>
				<include condition="String.IsEqual(Skin.String(BannerViewHeight),4)">Banner3x4_TitleYPos</include>
				<!-- Title -->
				<control type="label">
					<posx>40</posx>
					<width>1200</width>
					<height>30</height>
					<align>center</align>
					<aligny>center</aligny>
					<font>METF_TitleTextLarge</font>
					<textcolor>TitleText</textcolor>
					<label>$VAR[ListItemTitle]</label>
					<visible>Window.IsActive(videos) + Container.Content(tvshows)</visible>
				</control>
				<!-- Details -->
				<control type="grouplist">
					<posx>40</posx>
					<posy>30</posy>
					<width>1200</width>
					<height>30</height>
					<align>center</align>
					<itemgap>10</itemgap>
					<orientation>horizontal</orientation>
					<include>ViewDetailsGenreYearDurEpsUnwatched</include>
					<visible>Window.IsActive(videos) + Container.Content(tvshows)</visible>
				</control>
				<!-- Arrows -->
				<control type="group">
					<visible>Window.IsActive(videos)</visible>
					<control type="image">
						<posx>10</posx>
						<posy>33</posy>
						<width>24</width>
						<height>24</height>
						<texture>Arrow2Up.png</texture>
						<colordiffuse>ArrowDiffuse</colordiffuse>
						<visible>Container.HasPrevious</visible>
					</control>
					<control type="image">
						<posx>1246</posx>
						<posy>33</posy>
						<width>24</width>
						<height>24</height>
						<texture>Arrow2Down.png</texture>
						<colordiffuse>ArrowDiffuse</colordiffuse>
						<visible>Container.HasNext</visible>
					</control>
				</control>
			</control>
		</control>
	</include>
</includes>
