<?xml version='1.0' encoding='UTF-8'?>
<shortcuts>
	<shortcut>
		<label>إعداد إضافات كودي</label>
		<label2>32034</label2>
		<icon>DefaultAddon.png</icon>
		<action>ActivateWindow(AddonBrowser)</action>
	</shortcut>
	<shortcut>
		<label>تحديث إضافات كودي</label>
		<label2>32054</label2>
		<icon>DefaultShortcut.png</icon>
		<action>Notification(Update started,بدأت عملية التحديث)</action>
		<action>UpdateAddonRepos</action>
	</shortcut>
	<shortcut>
		<label>إعدادات واجهة كودي</label>
		<label2>32034</label2>
		<icon>DefaultShortcut.png</icon>
		<action>ActivateWindow(InterfaceSettings)</action>
	</shortcut>
	<shortcut>
		<label>إعدادات جلد كودي</label>
		<label2>32034</label2>
		<icon>DefaultShortcut.png</icon>
		<action>ActivateWindow(SkinSettings)</action>
	</shortcut>
	<shortcut>
		<label>جميع إعدادات كودي</label>
		<label2>32054</label2>
		<icon>DefaultShortcut.png</icon>
		<action>ActivateWindow(Settings)</action>
	</shortcut>
	<shortcut>
		<label>كودي باللغة العربية</label>
		<label2>32054</label2>
		<icon>DefaultShortcut.png</icon>
		<action>Notification(Please wait,الرجاء الانتظار)</action>
		<action>RunPlugin(plugin://skin.metropolisEMAD?mode=2)</action>
	</shortcut>
	<shortcut>
		<label>كودي باللغة الانجليزية</label>
		<label2>32054</label2>
		<icon>DefaultShortcut.png</icon>
		<action>Notification(Please wait,الرجاء الانتظار)</action>
		<action>RunPlugin(plugin://skin.metropolisEMAD?mode=3)</action>
	</shortcut>
	<shortcut>
		<label>خروج من كودي</label>
		<label2>32054</label2>
		<icon>DefaultShortcut.png</icon>
		<action>Quit()</action>
	</shortcut>
</shortcuts>






