<?xml version="1.0" encoding="UTF-8"?>
<fonts>
	<fontset id="Default">
		<!-- Arial Font -->
		<font>
			<name>MediaFlagsResolution</name>
			<filename>DejaVu_Sans.ttf</filename>
			<size>20</size>
		</font>
		<font>
			<name>VerySmallText</name>
			<filename>DejaVu_Sans.ttf</filename>
			<size>20</size>
		</font>
		<font>
			<name>font13</name>
			<filename>DejaVu_Sans.ttf</filename>
			<size>20</size>
		</font>
		<font>
			<name>font13big</name>
			<filename>DejaVu_Sans.ttf</filename>
			<size>32</size>
		</font>
		<font>
			<name>METF_HorizMenu</name>
			<filename>DejaVu_Sans.ttf</filename>
			<size>41</size>
		</font>
		<font>
			<name>METF_Button</name>
			<filename>DejaVu_Sans.ttf</filename>
			<size>25</size>
		</font>
		<font>
			<name>METF_HomeMenu</name>
			<filename>DejaVu_Sans.ttf</filename>
			<size>32</size>
		</font>
		<font>
			<name>METF_HomeMenuSmall</name>
			<filename>DejaVu_Sans.ttf</filename>
			<size>25</size>
		</font>
		<font>
			<name>METF_RecentlyAddedTitle</name>
			<filename>DejaVu_Sans.ttf</filename>
			<size>32</size>
		</font>
		<font>
			<name>METF_RecentlyAddedListText</name>
			<filename>DejaVu_Sans.ttf</filename>
			<size>25</size>
		</font>
		<font>
			<name>METF_HomeStatsTitle</name>
			<filename>DejaVu_Sans.ttf</filename>
			<size>25</size>
			<linespacing>0.8</linespacing>
		</font>
		<font>
			<name>METF_HomeStatsText</name>
			<filename>DejaVu_Sans.ttf</filename>
			<size>25</size>
		</font>
		<font>
			<name>METF_HelpText</name>
			<filename>DejaVu_Sans.ttf</filename>
			<style>bold</style>
			<size>32</size>
		</font>
		<font>
			<name>METF_Temp</name>
			<filename>DejaVu_Sans.ttf</filename>
			<size>28</size>
		</font>
		<font>
			<name>METF_Date</name>
			<filename>DejaVu_Sans.ttf</filename>
			<size>30</size>
		</font>
		<font>
			<name>METF_Hours</name>
			<filename>DejaVu_Sans.ttf</filename>
			<size>110</size>
		</font>
		<font>
			<name>METF_Minutes</name>
			<filename>DejaVu_Sans.ttf</filename>
			<size>48</size>
		</font>
		<font>
			<name>METF_FontAMPM</name>
			<filename>DejaVu_Sans.ttf</filename>
			<size>40</size>
			<style>bold</style>
		</font>
		<font>
			<name>METF_RSS</name>
			<filename>DejaVu_Sans.ttf</filename>
			<size>25</size>
		</font>
		<font>
			<name>METF_StarRating</name>
			<filename>DejaVu_Sans.ttf</filename>
			<size>36</size>
		</font>
		<font>
			<name>METF_IMDbRating</name>
			<filename>DejaVu_Sans.ttf</filename>
			<size>32</size>
		</font>
		<font>
			<name>METF_DialogDetails</name>
			<filename>DejaVu_Sans.ttf</filename>
			<size>25</size>
		</font>
		<font>
			<name>METF_Heading</name>
			<filename>DejaVu_Sans.ttf</filename>
			<size>32</size>
		</font>
		<font>
			<name>METF_HeadingDetails</name>
			<filename>DejaVu_Sans.ttf</filename>
			<size>25</size>
		</font>
		<font>
			<name>METF_TitleText</name>
			<filename>DejaVu_Sans.ttf</filename>
			<size>32</size>
		</font>
		<font>
			<name>METF_TitleTextMedium</name>
			<filename>DejaVu_Sans.ttf</filename>
			<size>32</size>
		</font>
		<font>
			<name>METF_TitleTextLarge</name>
			<filename>DejaVu_Sans.ttf</filename>
			<size>30</size>
		</font>
		<font>
			<name>METF_SettingsHeading</name>
			<filename>DejaVu_Sans.ttf</filename>
			<size>28</size>
		</font>
		<font>
			<name>METF_MusicVizTitle</name>
			<filename>DejaVu_Sans.ttf</filename>
			<size>48</size>
		</font>
		<font>
			<name>METF_SettingsDetail</name>
			<filename>DejaVu_Sans.ttf</filename>
			<size>25</size>
		</font>
		<font>
			<name>METF_MediaDetails</name>
			<filename>DejaVu_Sans.ttf</filename>
			<size>25</size>
		</font>
		<font>
			<name>METF_MediaDetailsSmall</name>
			<filename>DejaVu_Sans.ttf</filename>
			<size>25</size>
		</font>
		<font>
			<name>METF_PlotText</name>
			<filename>DejaVu_Sans.ttf</filename>
			<size>25</size>
		</font>
		<font>
			<name>METF_PlotTextMedium</name>
			<filename>DejaVu_Sans.ttf</filename>
			<size>25</size>
		</font>
		<font>
			<name>METF_PlotTextSmall</name>
			<filename>DejaVu_Sans.ttf</filename>
			<size>25</size>
		</font>
		<font>
			<name>METF_PlotTextSpaced</name>
			<filename>DejaVu_Sans.ttf</filename>
			<size>25</size>
			<linespacing>1.12</linespacing>
		</font>
		<font>
			<name>METF_InfoText</name>
			<filename>DejaVu_Sans.ttf</filename>
			<size>32</size>
		</font>
		<font>
			<name>METF_InfoTextLarger</name>
			<filename>DejaVu_Sans.ttf</filename>
			<size>25</size>
		</font>
		<font>
			<name>METF_MPAA</name>
			<filename>DejaVu_Sans.ttf</filename>
			<size>25</size>
		</font>
		<font>
			<name>METF_OSDTime</name>
			<filename>DejaVu_Sans.ttf</filename>
			<size>25</size>
		</font>
		<font>
			<name>METF_OSDPlayerStatus</name>
			<filename>DejaVu_Sans.ttf</filename>
			<size>48</size>
		</font>
		<font>
			<name>METF_DialogLargeBold</name>
			<filename>DejaVu_Sans.ttf</filename>
			<size>32</size>
		</font>
		<font>
			<name>METF_DialogLarge</name>
			<filename>DejaVu_Sans.ttf</filename>
			<size>32</size>
		</font>
		<font>
			<name>METF_DialogMediumBold</name>
			<filename>DejaVu_Sans.ttf</filename>
			<size>25</size>
		</font>
		<font>
			<name>METF_DialogMedium</name>
			<filename>DejaVu_Sans.ttf</filename>
			<size>25</size>
		</font>
		<font>
			<name>METF_DialogSmallBold</name>
			<filename>DejaVu_Sans.ttf</filename>
			<size>32</size>
		</font>
		<font>
			<name>METF_DialogSmall</name>
			<filename>DejaVu_Sans.ttf</filename>
			<size>25</size>
		</font>
		<font>
			<name>METF_DialogVerySmall</name>
			<filename>DejaVu_Sans.ttf</filename>
			<size>25</size>
		</font>
		<font>
			<name>METF_DialogVerySmallBold</name>
			<filename>DejaVu_Sans.ttf</filename>
			<size>25</size>
		</font>
		<font>
			<name>METF_Menu</name>
			<filename>DejaVu_Sans.ttf</filename>
			<!-- <style>bold</style> -->
			<size>32</size>
		</font>
		<font>
			<name>METF_ContextValue</name>
			<filename>DejaVu_Sans.ttf</filename>
			<size>32</size>
		</font>
		<font>
			<name>METF_WeatherHigh</name>
			<filename>DejaVu_Sans.ttf</filename>
			<size>62</size>
		</font>
		<font>
			<name>METF_WeatherLow</name>
			<filename>DejaVu_Sans.ttf</filename>
			<size>50</size>
		</font>
		<font>
			<name>METF_WeatherDetails7Day</name>
			<filename>DejaVu_Sans.ttf</filename>
			<size>25</size>
		</font>
		<font>
			<name>METF_WeatherDetailsCurrent</name>
			<filename>DejaVu_Sans.ttf</filename>
			<size>25</size>
		</font>
		<font>
			<name>METF_WeatherDetailsSmaller</name>
			<filename>DejaVu_Sans.ttf</filename>
			<size>25</size>
		</font>
		<font>
			<name>METF_WeatherInfoTextSmall</name>
			<filename>DejaVu_Sans.ttf</filename>
			<size>25</size>
		</font>
		<font>
			<name>METF_WeatherOutlookSmall</name>
			<filename>DejaVu_Sans.ttf</filename>
			<size>25</size>
		</font>
		<font>
			<name>METF_WeatherOutlookWeekend</name>
			<filename>DejaVu_Sans.ttf</filename>
			<size>25</size>
		</font>
		<font>
			<name>METF_WeatherDetailsWeekend</name>
			<filename>DejaVu_Sans.ttf</filename>
			<size>25</size>
		</font>
		<font>
			<name>METF_WeatherDayName7Day</name>
			<filename>DejaVu_Sans.ttf</filename>
			<size>26</size>
		</font>
		<font>
			<name>METF_WeatherDayNameWeekend</name>
			<filename>DejaVu_Sans.ttf</filename>
			<size>30</size>
		</font>
		<font>
			<name>METF_WeatherDayDate12Hour</name>
			<filename>DejaVu_Sans.ttf</filename>
			<size>30</size>
		</font>
		<font>
			<name>METF_WeatherDayDate24Hour</name>
			<filename>DejaVu_Sans.ttf</filename>
			<size>25</size>
		</font>
		<font>
			<name>METF_WeatherDayDate36Hour</name>
			<filename>DejaVu_Sans.ttf</filename>
			<size>25</size>
		</font>
		<font>
			<name>METF_WeatherForecast36Hour</name>
			<filename>DejaVu_Sans.ttf</filename>
			<size>25</size>
		</font>
		<font>
			<name>METF_WeatherHighHome</name>
			<filename>DejaVu_Sans.ttf</filename>
			<size>25</size>
		</font>
		<font>
			<name>METF_WeatherHourlyHigh</name>
			<filename>DejaVu_Sans.ttf</filename>
			<size>40</size>
		</font>
		<font>
			<name>METF_WeatherLowHome</name>
			<filename>DejaVu_Sans.ttf</filename>
			<size>25</size>
		</font>
		<font>
			<name>METF_WeatherOutlookHome</name>
			<filename>DejaVu_Sans.ttf</filename>
			<size>25</size>
		</font>
		<font>
			<name>METF_Weather24HrTemp</name>
			<filename>DejaVu_Sans.ttf</filename>
			<size>25</size>
		</font>
		<font>
			<name>METF_PVRChannelList</name>
			<filename>DejaVu_Sans.ttf</filename>
			<size>25</size>
		</font>
		<font>
			<name>mono30</name>
			<filename>DejaVu_Sans.ttf</filename>
			<size>32</size>
		</font>
	</fontset>
	<fontset id="Metropolis">
		<!-- Metropolis Fonts -->
		<font>
			<name>font13</name>
			<filename>DejaVu_Sans.ttf</filename>
			<size>20</size>
		</font>
		<font>
			<name>METF_HorizMenu</name>
			<filename>MET_UbuntuRegular.ttf</filename>
			<size>41</size>
		</font>
		<font>
			<name>METF_Button</name>
			<filename>MET_FontinSansSmallCaps.ttf</filename>
			<size>23</size>
		</font>
		<font>
			<name>METF_HomeMenu</name>
			<filename>MET_FontinSansSmallCaps.ttf</filename>
			<size>27</size>
		</font>
		<font>
			<name>METF_HomeMenuSmall</name>
			<filename>MET_FontinSansSmallCaps.ttf</filename>
			<size>23</size>
		</font>
		<font>
			<name>METF_RecentlyAddedTitle</name>
			<filename>MET_FontinSansSmallCaps.ttf</filename>
			<size>24</size>
		</font>
		<font>
			<name>METF_RecentlyAddedListText</name>
			<filename>MET_UbuntuRegular.ttf</filename>
			<size>20</size>
		</font>
		<font>
			<name>METF_HomeStatsTitle</name>
			<filename>MET_FontinSansSmallCaps.ttf</filename>
			<size>23</size>
			<linespacing>0.8</linespacing>
		</font>
		<font>
			<name>METF_HomeStatsText</name>
			<filename>MET_UbuntuRegular.ttf</filename>
			<size>20</size>
		</font>
		<font>
			<name>METF_HelpText</name>
			<filename>MET_BoldCaps.ttf</filename>
			<size>20</size>
		</font>
		<font>
			<name>METF_Temp</name>
			<filename>MET_Myriad.ttf</filename>
			<size>28</size>
		</font>
		<font>
			<name>METF_Date</name>
			<filename>MET_FontinSansSmallCaps.ttf</filename>
			<size>30</size>
		</font>
		<font>
			<name>METF_Hours</name>
			<filename>MET_Myriad.ttf</filename>
			<size>110</size>
		</font>
		<font>
			<name>METF_Minutes</name>
			<filename>MET_Myriad.ttf</filename>
			<size>48</size>
		</font>
		<font>
			<name>METF_FontAMPM</name>
			<filename>MET_Myriad.ttf</filename>
			<size>40</size>
		</font>
		<font>
			<name>METF_RSS</name>
			<filename>MET_UbuntuRegular.ttf</filename>
			<size>17</size>
		</font>
		<font>
			<name>METF_StarRating</name>
			<filename>MET_LeagueGothic.ttf</filename>
			<size>36</size>
		</font>
		<font>
			<name>METF_IMDbRating</name>
			<filename>MET_LeagueGothic.ttf</filename>
			<size>32</size>
		</font>
		<font>
			<name>METF_DialogDetails</name>
			<filename>MET_FontinSansSmallCaps.ttf</filename>
			<size>20</size>
		</font>
		<font>
			<name>METF_Heading</name>
			<filename>MET_FontinSansSmallCaps.ttf</filename>
			<size>25</size>
		</font>
		<font>
			<name>METF_HeadingDetails</name>
			<filename>MET_FontinSansSmallCaps.ttf</filename>
			<size>23</size>
		</font>
		<font>
			<name>METF_TitleText</name>
			<filename>MET_FontinSansSmallCaps.ttf</filename>
			<size>24</size>
		</font>
		<font>
			<name>METF_TitleTextMedium</name>
			<filename>MET_FontinSansSmallCaps.ttf</filename>
			<size>26</size>
		</font>
		<font>
			<name>METF_TitleTextLarge</name>
			<filename>MET_FontinSansSmallCaps.ttf</filename>
			<size>30</size>
		</font>
		<font>
			<name>METF_SettingsHeading</name>
			<filename>MET_FontinSansSmallCaps.ttf</filename>
			<size>28</size>
		</font>
		<font>
			<name>METF_MusicVizTitle</name>
			<filename>MET_FontinSansSmallCaps.ttf</filename>
			<size>48</size>
		</font>
		<font>
			<name>METF_SettingsDetail</name>
			<filename>MET_UbuntuRegular.ttf</filename>
			<size>22</size>
		</font>
		<font>
			<name>METF_MediaDetails</name>
			<filename>MET_UbuntuRegular.ttf</filename>
			<size>24</size>
		</font>
		<font>
			<name>METF_MediaDetailsSmall</name>
			<filename>MET_UbuntuRegular.ttf</filename>
			<size>21</size>
		</font>
		<font>
			<name>METF_PlotText</name>
			<filename>MET_UbuntuRegular.ttf</filename>
			<size>20</size>
		</font>
		<font>
			<name>METF_PlotTextMedium</name>
			<filename>MET_UbuntuRegular.ttf</filename>
			<size>19</size>
		</font>
		<font>
			<name>METF_PlotTextSmall</name>
			<filename>MET_UbuntuRegular.ttf</filename>
			<size>18</size>
		</font>
		<font>
			<name>METF_PlotTextSpaced</name>
			<filename>MET_UbuntuRegular.ttf</filename>
			<size>19</size>
			<linespacing>1.12</linespacing>
		</font>
		<font>
			<name>METF_InfoText</name>
			<filename>MET_UbuntuRegular.ttf</filename>
			<size>19</size>
		</font>
		<font>
			<name>METF_InfoTextLarger</name>
			<filename>MET_UbuntuRegular.ttf</filename>
			<size>22</size>
		</font>
		<font>
			<name>METF_MPAA</name>
			<filename>MET_UbuntuItalic.ttf</filename>
			<size>18</size>
		</font>
		<font>
			<name>METF_OSDTime</name>
			<filename>MET_Bebas.ttf</filename>
			<size>28</size>
		</font>
		<font>
			<name>METF_OSDPlayerStatus</name>
			<filename>MET_Bebas.ttf</filename>
			<size>54</size>
		</font>
		<font>
			<name>METF_DialogLargeBold</name>
			<filename>MET_UbuntuBold.ttf</filename>
			<size>23</size>
		</font>
		<font>
			<name>METF_DialogLarge</name>
			<filename>MET_UbuntuRegular.ttf</filename>
			<size>22</size>
		</font>
		<font>
			<name>METF_DialogMediumBold</name>
			<filename>MET_UbuntuBold.ttf</filename>
			<size>20</size>
		</font>
		<font>
			<name>METF_DialogMedium</name>
			<filename>MET_UbuntuRegular.ttf</filename>
			<size>20</size>
		</font>
		<font>
			<name>METF_DialogSmallBold</name>
			<filename>MET_UbuntuBold.ttf</filename>
			<size>17</size>
		</font>
		<font>
			<name>METF_DialogSmall</name>
			<filename>MET_UbuntuRegular.ttf</filename>
			<size>17</size>
		</font>
		<font>
			<name>METF_DialogVerySmall</name>
			<filename>MET_UbuntuRegular.ttf</filename>
			<size>14</size>
		</font>
		<font>
			<name>METF_DialogVerySmallBold</name>
			<filename>MET_UbuntuBold.ttf</filename>
			<size>14</size>
		</font>
		<font>
			<name>METF_Menu</name>
			<filename>MET_FontinSansSmallCaps.ttf</filename>
			<!--
			<style>bold</style>
			-->
			<size>23</size>
		</font>
		<font>
			<name>METF_ContextValue</name>
			<filename>MET_UbuntuRegular.ttf</filename>
			<size>20</size>
		</font>
		<font>
			<name>METF_WeatherHigh</name>
			<filename>MET_UbuntuRegular.ttf</filename>
			<size>62</size>
		</font>
		<font>
			<name>METF_WeatherLow</name>
			<filename>MET_UbuntuRegular.ttf</filename>
			<size>50</size>
		</font>
		<font>
			<name>METF_WeatherDetails7Day</name>
			<filename>MET_UbuntuRegular.ttf</filename>
			<size>16</size>
		</font>
		<font>
			<name>METF_WeatherDetailsCurrent</name>
			<filename>MET_UbuntuRegular.ttf</filename>
			<size>16</size>
		</font>
		<font>
			<name>METF_WeatherDetailsSmaller</name>
			<filename>MET_UbuntuRegular.ttf</filename>
			<size>17</size>
		</font>
		<font>
			<name>METF_WeatherInfoTextSmall</name>
			<filename>MET_UbuntuRegular.ttf</filename>
			<size>15</size>
		</font>
		<font>
			<name>METF_WeatherOutlookSmall</name>
			<filename>MET_UbuntuRegular.ttf</filename>
			<size>16</size>
		</font>
		<font>
			<name>METF_WeatherOutlookWeekend</name>
			<filename>MET_UbuntuRegular.ttf</filename>
			<size>24</size>
		</font>
		<font>
			<name>METF_WeatherDetailsWeekend</name>
			<filename>MET_UbuntuRegular.ttf</filename>
			<size>18</size>
		</font>
		<font>
			<name>METF_WeatherDayName7Day</name>
			<filename>MET_FontinSansSmallCaps.ttf</filename>
			<size>26</size>
		</font>
		<font>
			<name>METF_WeatherDayNameWeekend</name>
			<filename>MET_FontinSansSmallCaps.ttf</filename>
			<size>30</size>
		</font>
		<font>
			<name>METF_WeatherDayDate12Hour</name>
			<filename>MET_FontinSansSmallCaps.ttf</filename>
			<size>30</size>
		</font>
		<font>
			<name>METF_WeatherDayDate24Hour</name>
			<filename>MET_FontinSansSmallCaps.ttf</filename>
			<size>18</size>
		</font>
		<font>
			<name>METF_WeatherDayDate36Hour</name>
			<filename>MET_FontinSansSmallCaps.ttf</filename>
			<size>15</size>
		</font>
		<font>
			<name>METF_WeatherForecast36Hour</name>
			<filename>MET_FontinSansSmallCaps.ttf</filename>
			<size>17</size>
		</font>
		<font>
			<name>METF_WeatherHighHome</name>
			<filename>MET_UbuntuRegular.ttf</filename>
			<size>22</size>
		</font>
		<font>
			<name>METF_WeatherHourlyHigh</name>
			<filename>MET_UbuntuRegular.ttf</filename>
			<size>40</size>
		</font>
		<font>
			<name>METF_WeatherLowHome</name>
			<filename>MET_UbuntuRegular.ttf</filename>
			<size>20</size>
		</font>
		<font>
			<name>METF_WeatherOutlookHome</name>
			<filename>MET_UbuntuRegular.ttf</filename>
			<size>14</size>
		</font>
		<font>
			<name>METF_Weather24HrTemp</name>
			<filename>MET_UbuntuRegular.ttf</filename>
			<size>25</size>
		</font>
		<font>
			<name>METF_PVRChannelList</name>
			<filename>MET_UbuntuRegular.ttf</filename>
			<size>19</size>
		</font>
		<font>
			<name>mono30</name>
			<filename>DejaVu_Sans.ttf</filename>
			<size>30</size>
		</font>
	</fontset>
	<fontset id="Zoomed">
		<!-- Metropolis Fonts -->
		<font>
			<name>font13</name>
			<filename>DejaVu_Sans.ttf</filename>
			<size>25</size>
		</font>
		<font>
			<name>METF_HorizMenu</name>
			<filename>MET_UbuntuRegular.ttf</filename>
			<size>51</size>
		</font>
		<font>
			<name>METF_Button</name>
			<filename>MET_FontinSansSmallCaps.ttf</filename>
			<size>29</size>
		</font>
		<font>
			<name>METF_HomeMenu</name>
			<filename>MET_FontinSansSmallCaps.ttf</filename>
			<size>32</size>
		</font>
		<font>
			<name>METF_HomeMenuSmall</name>
			<filename>MET_FontinSansSmallCaps.ttf</filename>
			<size>29</size>
		</font>
		<font>
			<name>METF_RecentlyAddedTitle</name>
			<filename>MET_FontinSansSmallCaps.ttf</filename>
			<size>30</size>
		</font>
		<font>
			<name>METF_RecentlyAddedListText</name>
			<filename>MET_UbuntuRegular.ttf</filename>
			<size>25</size>
		</font>
		<font>
			<name>METF_HomeStatsTitle</name>
			<filename>MET_FontinSansSmallCaps.ttf</filename>
			<size>29</size>
			<linespacing>0.8</linespacing>
		</font>
		<font>
			<name>METF_HomeStatsText</name>
			<filename>MET_UbuntuRegular.ttf</filename>
			<size>25</size>
		</font>
		<font>
			<name>METF_HelpText</name>
			<filename>MET_BoldCaps.ttf</filename>
			<size>25</size>
		</font>
		<font>
			<name>METF_Temp</name>
			<filename>MET_Myriad.ttf</filename>
			<size>35</size>
		</font>
		<font>
			<name>METF_Date</name>
			<filename>MET_FontinSansSmallCaps.ttf</filename>
			<size>35</size>
		</font>
		<font>
			<name>METF_Hours</name>
			<filename>MET_Myriad.ttf</filename>
			<size>135</size>
		</font>
		<font>
			<name>METF_Minutes</name>
			<filename>MET_Myriad.ttf</filename>
			<size>60</size>
		</font>
		<font>
			<name>METF_FontAMPM</name>
			<filename>MET_Myriad.ttf</filename>
			<size>50</size>
		</font>
		<font>
			<name>METF_RSS</name>
			<filename>MET_UbuntuRegular.ttf</filename>
			<size>22</size>
		</font>
		<font>
			<name>METF_StarRating</name>
			<filename>MET_LeagueGothic.ttf</filename>
			<size>45</size>
		</font>
		<font>
			<name>METF_IMDbRating</name>
			<filename>MET_LeagueGothic.ttf</filename>
			<size>40</size>
		</font>
		<font>
			<name>METF_DialogDetails</name>
			<filename>MET_FontinSansSmallCaps.ttf</filename>
			<size>25</size>
		</font>
		<font>
			<name>METF_Heading</name>
			<filename>MET_FontinSansSmallCaps.ttf</filename>
			<size>32</size>
		</font>
		<font>
			<name>METF_HeadingDetails</name>
			<filename>MET_FontinSansSmallCaps.ttf</filename>
			<size>29</size>
		</font>
		<font>
			<name>METF_TitleText</name>
			<filename>MET_FontinSansSmallCaps.ttf</filename>
			<size>30</size>
		</font>
		<font>
			<name>METF_TitleTextMedium</name>
			<filename>MET_FontinSansSmallCaps.ttf</filename>
			<size>31</size>
		</font>
		<font>
			<name>METF_TitleTextLarge</name>
			<filename>MET_FontinSansSmallCaps.ttf</filename>
			<size>37</size>
		</font>
		<font>
			<name>METF_SettingsHeading</name>
			<filename>MET_FontinSansSmallCaps.ttf</filename>
			<size>28</size>
		</font>
		<font>
			<name>METF_MusicVizTitle</name>
			<filename>MET_FontinSansSmallCaps.ttf</filename>
			<size>55</size>
		</font>
		<font>
			<name>METF_SettingsDetail</name>
			<filename>MET_UbuntuRegular.ttf</filename>
			<size>28</size>
		</font>
		<font>
			<name>METF_MediaDetails</name>
			<filename>MET_UbuntuRegular.ttf</filename>
			<size>30</size>
		</font>
		<font>
			<name>METF_MediaDetailsSmall</name>
			<filename>MET_UbuntuRegular.ttf</filename>
			<size>27</size>
		</font>
		<font>
			<name>METF_PlotText</name>
			<filename>MET_UbuntuRegular.ttf</filename>
			<size>25</size>
		</font>
		<font>
			<name>METF_PlotTextMedium</name>
			<filename>MET_UbuntuRegular.ttf</filename>
			<size>24</size>
		</font>
		<font>
			<name>METF_PlotTextSmall</name>
			<filename>MET_UbuntuRegular.ttf</filename>
			<size>23</size>
		</font>
		<font>
			<name>METF_PlotTextSpaced</name>
			<filename>MET_UbuntuRegular.ttf</filename>
			<size>24</size>
			<linespacing>1.12</linespacing>
		</font>
		<font>
			<name>METF_InfoText</name>
			<filename>MET_UbuntuRegular.ttf</filename>
			<size>24</size>
		</font>
		<font>
			<name>METF_InfoTextLarger</name>
			<filename>MET_UbuntuRegular.ttf</filename>
			<size>27</size>
		</font>
		<font>
			<name>METF_MPAA</name>
			<filename>MET_UbuntuItalic.ttf</filename>
			<size>23</size>
		</font>
		<font>
			<name>METF_OSDTime</name>
			<filename>MET_Bebas.ttf</filename>
			<size>35</size>
		</font>
		<font>
			<name>METF_OSDPlayerStatus</name>
			<filename>MET_Bebas.ttf</filename>
			<size>67</size>
		</font>
		<font>
			<name>METF_DialogLargeBold</name>
			<filename>MET_UbuntuBold.ttf</filename>
			<size>23</size>
		</font>
		<font>
			<name>METF_DialogLarge</name>
			<filename>MET_UbuntuRegular.ttf</filename>
			<size>28</size>
		</font>
		<font>
			<name>METF_DialogMediumBold</name>
			<filename>MET_UbuntuBold.ttf</filename>
			<size>25</size>
		</font>
		<font>
			<name>METF_DialogMedium</name>
			<filename>MET_UbuntuRegular.ttf</filename>
			<size>25</size>
		</font>
		<font>
			<name>METF_DialogSmallBold</name>
			<filename>MET_UbuntuBold.ttf</filename>
			<size>23</size>
		</font>
		<font>
			<name>METF_DialogSmall</name>
			<filename>MET_UbuntuRegular.ttf</filename>
			<size>23</size>
		</font>
		<font>
			<name>METF_DialogVerySmall</name>
			<filename>MET_UbuntuRegular.ttf</filename>
			<size>18</size>
		</font>
		<font>
			<name>METF_DialogVerySmallBold</name>
			<filename>MET_UbuntuBold.ttf</filename>
			<size>18</size>
		</font>
		<font>
			<name>METF_Menu</name>
			<filename>MET_FontinSansSmallCaps.ttf</filename>
			<!--
			<style>bold</style>
			-->
			<size>28</size>
		</font>
		<font>
			<name>METF_ContextValue</name>
			<filename>MET_UbuntuRegular.ttf</filename>
			<size>25</size>
		</font>
		<font>
			<name>METF_WeatherHigh</name>
			<filename>MET_UbuntuRegular.ttf</filename>
			<size>77</size>
		</font>
		<font>
			<name>METF_WeatherLow</name>
			<filename>MET_UbuntuRegular.ttf</filename>
			<size>62</size>
		</font>
		<font>
			<name>METF_WeatherDetails7Day</name>
			<filename>MET_UbuntuRegular.ttf</filename>
			<size>20</size>
		</font>
		<font>
			<name>METF_WeatherDetailsCurrent</name>
			<filename>MET_UbuntuRegular.ttf</filename>
			<size>20</size>
		</font>
		<font>
			<name>METF_WeatherDetailsSmaller</name>
			<filename>MET_UbuntuRegular.ttf</filename>
			<size>23</size>
		</font>
		<font>
			<name>METF_WeatherInfoTextSmall</name>
			<filename>MET_UbuntuRegular.ttf</filename>
			<size>19</size>
		</font>
		<font>
			<name>METF_WeatherOutlookSmall</name>
			<filename>MET_UbuntuRegular.ttf</filename>
			<size>20</size>
		</font>
		<font>
			<name>METF_WeatherOutlookWeekend</name>
			<filename>MET_UbuntuRegular.ttf</filename>
			<size>36</size>
		</font>
		<font>
			<name>METF_WeatherDetailsWeekend</name>
			<filename>MET_UbuntuRegular.ttf</filename>
			<size>23</size>
		</font>
		<font>
			<name>METF_WeatherDayName7Day</name>
			<filename>MET_FontinSansSmallCaps.ttf</filename>
			<size>32</size>
		</font>
		<font>
			<name>METF_WeatherDayNameWeekend</name>
			<filename>MET_FontinSansSmallCaps.ttf</filename>
			<size>37</size>
		</font>
		<font>
			<name>METF_WeatherDayDate12Hour</name>
			<filename>MET_FontinSansSmallCaps.ttf</filename>
			<size>37</size>
		</font>
		<font>
			<name>METF_WeatherDayDate24Hour</name>
			<filename>MET_FontinSansSmallCaps.ttf</filename>
			<size>22</size>
		</font>
		<font>
			<name>METF_WeatherDayDate36Hour</name>
			<filename>MET_FontinSansSmallCaps.ttf</filename>
			<size>19</size>
		</font>
		<font>
			<name>METF_WeatherForecast36Hour</name>
			<filename>MET_FontinSansSmallCaps.ttf</filename>
			<size>21</size>
		</font>
		<font>
			<name>METF_WeatherHighHome</name>
			<filename>MET_UbuntuRegular.ttf</filename>
			<size>27</size>
		</font>
		<font>
			<name>METF_WeatherHourlyHigh</name>
			<filename>MET_UbuntuRegular.ttf</filename>
			<size>50</size>
		</font>
		<font>
			<name>METF_WeatherLowHome</name>
			<filename>MET_UbuntuRegular.ttf</filename>
			<size>25</size>
		</font>
		<font>
			<name>METF_WeatherOutlookHome</name>
			<filename>MET_UbuntuRegular.ttf</filename>
			<size>22</size>
		</font>
		<font>
			<name>METF_Weather24HrTemp</name>
			<filename>MET_UbuntuRegular.ttf</filename>
			<size>31</size>
		</font>
		<font>
			<name>METF_PVRChannelList</name>
			<filename>MET_UbuntuRegular.ttf</filename>
			<size>24</size>
		</font>
		<font>
			<name>mono30</name>
			<filename>DejaVu_Sans.ttf</filename>
			<size>37</size>
		</font>
	</fontset>	
</fonts>
