<?xml version="1.0" encoding="UTF-8"?>
<includes>
	<include name="DefaultDialogSelectLayout">
		<control type="group">
			<include>Animation_CommonFade</include>
			<posx>0</posx>
			<posy>-65</posy>
			<control type="label" id="2">
				<description>Heading</description>
				<posx>360</posx>
				<posy>158</posy>
				<width>340</width>
				<height>38</height>
				<font>METF_ContextValue</font>
				<textcolor>SettingsDetail</textcolor>
				<align>right</align>
				<aligny>center</aligny>
				<label></label>
			</control>
			<control type="image">
				<posx>440</posx>
				<posy>158</posy>
				<width>840</width>
				<height>38</height>
				<texture>ButtonFO.png</texture>
				<animation effect="fade" start="100" end="70" condition="True">Conditional</animation>
			</control>
			<control type="label" id="1">
				<description>Line 1</description>
				<posx>460</posx>
				<posy>158</posy>
				<width>380</width>
				<height>38</height>
				<font>METF_ContextValue</font>
				<textcolor>ButtonText</textcolor>
				<align>left</align>
				<aligny>center</aligny>
				<label>13406</label>
			</control>
			<control type="list" id="3">
				<posx>440</posx>
				<posy>215</posy>
				<width>840</width>
				<height>380</height>
				<onleft>7</onleft>
				<onright>60</onright>
				<onup>3</onup>
				<ondown>3</ondown>
				<pagecontrol>60</pagecontrol>
				<itemlayout height="38" width="810">
					<control type="label">
						<posx>20</posx>
						<width>810</width>
						<height>38</height>
						<textcolor>SettingsDetail</textcolor>
						<font>METF_ContextValue</font>
						<align>left</align>
						<aligny>center</aligny>
						<focusedcolor>ButtonText</focusedcolor>
						<label>$INFO[ListItem.Label]</label>
					</control>
				</itemlayout>
				<focusedlayout height="38" width="840">
					<control type="image">
						<posx>0</posx>
						<posy>0</posy>
						<width>840</width>
						<height>38</height>
						<align>left</align>
						<aligny>center</aligny>
						<texture>ButtonFO.png</texture>
						<animation effect="fade" start="100" end="50" condition="!Control.HasFocus(3)">Conditional</animation>
					</control>
					<control type="label">
						<posx>20</posx>
						<posy>0</posy>
						<width>810</width>
						<height>38</height>
						<textcolor>ButtonText</textcolor>
						<font>METF_ContextValue</font>
						<align>left</align>
						<aligny>center</aligny>
						<focusedcolor>ButtonText</focusedcolor>
						<label>$INFO[ListItem.Label]</label>
					</control>
				</focusedlayout>
			</control>
			<control type="list" id="6">
				<posx>450</posx>
				<posy>206</posy>
				<width>840</width>
				<height>388</height>
				<onleft>7</onleft>
				<onright>61</onright>
				<onup>6</onup>
				<ondown>6</ondown>
				<pagecontrol>61</pagecontrol>
				<itemlayout height="76" width="810">
					<control type="image">
						<posx>0</posx>
						<posy>2</posy>
						<width>76</width>
						<height>76</height>
						<fadetime>100</fadetime>
						<aspectratio align="left" aligny="center">keep</aspectratio>
						<texture fallback="DefaultThumb.png">$INFO[ListItem.Icon]</texture>
						<bordertexture border="8">frames/thumb_border_square.png</bordertexture>
						<bordersize>6</bordersize>
					</control>
					<control type="label">
						<posx>92</posx>
						<width>810</width>
						<height>76</height>
						<textcolor>SettingsDetail</textcolor>
						<font>METF_ContextValue</font>
						<align>left</align>
						<aligny>center</aligny>
						<focusedcolor>ButtonText</focusedcolor>
						<label>$INFO[ListItem.Label]</label>
					</control>
				</itemlayout>
				<focusedlayout height="160" width="810">
					<control type="image">
						<posx>2</posx>
						<posy>1</posy>
						<width>160</width>
						<height>160</height>
						<fadetime>100</fadetime>
						<aspectratio align="left" aligny="center">keep</aspectratio>
						<texture fallback="DefaultThumb.png">$INFO[ListItem.Icon]</texture>
						<bordertexture border="8">frames/thumb_border_round2.png</bordertexture>
						<bordersize>4</bordersize>
					</control>
					<control type="image">
						<posx>175</posx>
						<posy>20</posy>
						<width>675</width>
						<height>38</height>
						<align>left</align>
						<aligny>center</aligny>
						<texture>ButtonFO.png</texture>
						<animation effect="fade" start="100" end="50" condition="!Control.HasFocus(6)">Conditional</animation>
						<animation effect="slide" end="0,20" condition="String.IsEmpty(ListItem.Label2)">Conditional</animation>
					</control>
					<control type="label">
						<posx>195</posx>
						<posy>20</posy>
						<width>615</width>
						<height>38</height>
						<textcolor>ButtonText</textcolor>
						<font>METF_ContextValue</font>
						<align>left</align>
						<aligny>center</aligny>
						<focusedcolor>ButtonText</focusedcolor>
						<label>$INFO[ListItem.Label] ($INFO[ListItem.Label2])</label>
						<animation effect="slide" end="0,20" condition="String.IsEmpty(ListItem.Label2)">Conditional</animation>
					</control>
					<control type="textbox">
						<posx>195</posx>
						<posy>72</posy>
						<width>615</width>
						<height>78</height>
						<textcolor>SettingsDetail</textcolor>
						<font>METF_ContextValue</font>
						<align>left</align>
						<focusedcolor>ButtonText</focusedcolor>
						<label>$INFO[ListItem.Label2]</label>
					</control>
				</focusedlayout>
			</control>

			<!-- Scroll Bars -->
			<control type="scrollbar" id="60">
				<posx>1270</posx>
				<posy>136</posy>
				<width>18</width>
				<height>400</height>
				<visible allowhiddenfocus="true">Control.IsVisible(3) + Control.HasFocus(60)</visible>
				<texturesliderbackground></texturesliderbackground>
				<textureslidernibfocus>ScrollbarVnibFO.png</textureslidernibfocus>
				<onleft>3</onleft>
				<onright>noop</onright>
				<showonepage>true</showonepage>
				<orientation>vertical</orientation>
				<animation effect="fade" start="0" end="100" time="400" condition="Control.HasFocus(60)">Conditional</animation>
			</control>
			<control type="scrollbar" id="61">
				<posx>1270</posx>
				<posy>112</posy>
				<width>18</width>
				<height>450</height>
				<visible allowhiddenfocus="true">Control.IsVisible(6) + Control.HasFocus(61)</visible>
				<texturesliderbackground></texturesliderbackground>
				<textureslidernibfocus>ScrollbarVnibFO.png</textureslidernibfocus>
				<onleft>6</onleft>
				<onright>noop</onright>
				<showonepage>true</showonepage>
				<orientation>vertical</orientation>
				<animation effect="fade" start="0" end="100" time="400" condition="Control.HasFocus(61)">Conditional</animation>
			</control>

			<control type="button" id="5">
				<include>Animation_CommonFade</include>
				<description>Default Button</description>
				<posx>0</posx>
				<posy>166</posy>
				<include>SettingsLabelLeft</include>
				<onleft>noop</onleft>
				<onright condition="Control.IsVisible(6)">6</onright>
				<onright condition="!Control.IsVisible(6)">3</onright>
				<onup>7</onup>
				<ondown>7</ondown>
			</control>
			<control type="button" id="7">
				<description>Cancel button</description>
				<posx>0</posx>
				<posy>206</posy>
				<include>SettingsLabelLeft</include>
				<onleft>noop</onleft>
				<onright condition="Control.IsVisible(6)">6</onright>
				<onright condition="!Control.IsVisible(6)">3</onright>
				<onup>5</onup>
				<ondown>5</ondown>
				<label></label>
			</control>				
		</control>
	</include>

			<!-- WIP ?x1 selector -->
	<include name="GameDialogSelectViewFilter">
		<control type="group">
			<include>Animation_CommonFade</include>
			<height>400</height>
			<width>100%</width>
			<control type="panel" id="11">
				<left>280</left>
				<top>70</top>
				<scrolltime tween="sine">200</scrolltime>
				<orientation>horizontal</orientation>
				<itemlayout width="400" height="230">
					<control type="group">
						<top>5</top>
						<control type="gamewindow">
							<width>315</width>
							<height>170</height>
							<videofilter>$INFO[ListItem.Property(game.videofilter)]</videofilter>
							<stretchmode>$INFO[ListItem.Property(game.stretchmode)]</stretchmode>
							<rotation>$INFO[ListItem.Property(game.videorotation)]</rotation>
						</control>
						<control type="label">
							<top>180</top>
							<width>315</width>
							<height>40</height>
							<textcolor>SettingsDetail</textcolor>
							<label>$INFO[ListItem.Label][CR][COLOR SettingsDetail]$INFO[ListItem.Label2][/COLOR]</label>
							<font>METF_ContextValue</font>
							<shadowcolor>ff000000</shadowcolor>
							<align>center</align>
						</control>
					</control>
				</itemlayout>
				<focusedlayout width="400" height="230">
					<control type="group">
						<top>5</top>
						<control type="gamewindow">
						<left>-15</left>
						<top>-15</top>
							<width>345</width>
							<height>190</height>
							<videofilter>$INFO[ListItem.Property(game.videofilter)]</videofilter>
							<stretchmode>$INFO[ListItem.Property(game.stretchmode)]</stretchmode>
							<rotation>$INFO[ListItem.Property(game.videorotation)]</rotation>
						</control>
						<control type="label">
							<top>180</top>
							<width>315</width>
							<height>40</height>
							<textcolor>Temp</textcolor>
							<label>$INFO[ListItem.Label][CR][COLOR Temp]$INFO[ListItem.Label2][/COLOR]</label>
							<font>METF_TitleTextLarge</font>
							<shadowcolor>ff000000</shadowcolor>
							<align>center</align>
						</control>
					</control>
				</focusedlayout>
			</control>		
		</control>
	</include>

			<!-- WIP ?x2 selector -->
	<include name="GameDialogSelectViewLayout">
		<control type="group">
			<include>Animation_CommonFade</include>
			<height>600</height>
			<width>100%</width>
			<control type="panel" id="11">
				<left>280</left>
				<top>70</top>
				<scrolltime tween="sine">200</scrolltime>
				<orientation>horizontal</orientation>
				<itemlayout width="400" height="230">
					<control type="group">
						<top>5</top>
						<control type="gamewindow">
							<width>315</width>
							<height>170</height>
							<videofilter>$INFO[ListItem.Property(game.videofilter)]</videofilter>
							<stretchmode>$INFO[ListItem.Property(game.stretchmode)]</stretchmode>
							<rotation>$INFO[ListItem.Property(game.videorotation)]</rotation>
						</control>
						<control type="label">
							<top>180</top>
							<width>315</width>
							<height>40</height>
							<textcolor>SettingsDetail</textcolor>
							<label>$INFO[ListItem.Label][CR][COLOR grey]$INFO[ListItem.Label2][/COLOR]</label>
							<font>METF_ContextValue</font>
							<shadowcolor>ff000000</shadowcolor>
							<align>center</align>
						</control>
					</control>
				</itemlayout>
				<focusedlayout width="400" height="230">
					<control type="group">
						<top>5</top>
						<control type="gamewindow">
						<left>-15</left>
						<top>-15</top>
							<width>345</width>
							<height>190</height>
							<videofilter>$INFO[ListItem.Property(game.videofilter)]</videofilter>
							<stretchmode>$INFO[ListItem.Property(game.stretchmode)]</stretchmode>
							<rotation>$INFO[ListItem.Property(game.videorotation)]</rotation>
						</control>
						<control type="label">
							<top>180</top>
							<width>315</width>
							<height>40</height>
							<textcolor>Temp</textcolor>
							<label>$INFO[ListItem.Label][CR][COLOR grey]$INFO[ListItem.Label2][/COLOR]</label>
							<font>METF_TitleTextLarge</font>
							<shadowcolor>ff000000</shadowcolor>
							<align>center</align>
						</control>
					</control>
				</focusedlayout>
			</control>			
		</control>
	</include>
</includes>
