<?xml version="1.0" encoding="UTF-8"?>
<window>
	<defaultcontrol always="true">404</defaultcontrol>
	<visible>Player.HasMedia + Window.IsActive(PlayerControls) + !Window.IsActive(FullscreenVideo) + !Window.IsActive(Visualisation)</visible>
	<animation type="WindowOpen" reversible="false">
		<effect type="zoom" start="80" end="100" center="auto" easing="out" tween="back" time="300" />
		<effect type="fade" start="0" end="100" time="300" />
	</animation>
	<animation type="WindowClose" reversible="false">
		<effect type="zoom" start="100" end="80" center="auto" easing="in" tween="back" time="300" />
		<effect type="fade" start="100" end="0" time="300" />
	</animation>
	<coordinates>
		<system>1</system>
		<posx>0</posx>
		<posy>0</posy>
		<origin x="420" y="250" />
	</coordinates>
	<controls>
		<control type="image">
			<description>background image</description>
			<posx>-20</posx>
			<posy>-20</posy>
			<width>500</width>
			<height>260</height>
			<texture>frames/Menu_Glass2b.png</texture>
			<colordiffuse>DialogBackgroundColor</colordiffuse>
		</control>

		<control type="button" id="410">
			<onfocus>Dialog.Close(PlayerControls)</onfocus>
			<onfocus>fullscreen</onfocus>
		</control>
		<control type="group" id="401">
			<posx>32</posx>
			<posy>160</posy>
			<control type="button" id="402">
				<description>Previous</description>
				<posx>0</posx>
				<posy>0</posy>
				<onleft>409</onleft>
				<onright>403</onright>
				<onup>410</onup>
				<ondown>Dialog.Close(PlayerControls)</ondown>
				<height>46</height>
				<width>46</width>
				<label></label>
				<texturefocus border="2">osd/osd_button_prev_fo.png</texturefocus>
				<texturenofocus border="2">osd/osd_button_prev_nf.png</texturenofocus>
				<onclick>PlayerControl(Previous)</onclick>
			</control>
			<control type="button" id="403">
				<description>Rewind</description>
				<posx>50</posx>
				<posy>0</posy>
				<onleft>402</onleft>
				<onright>404</onright>
				<onup>410</onup>
				<ondown>Dialog.Close(PlayerControls)</ondown>
				<height>46</height>
				<width>46</width>
				<label></label>
				<texturefocus border="2">osd/osd_button_rew_fo.png</texturefocus>
				<texturenofocus border="2">osd/osd_button_rew_nf.png</texturenofocus>
				<onclick>PlayerControl(rewind)</onclick>
			</control>
			<control type="togglebutton" id="404">
				<description>Play/Pause</description>
				<posx>100</posx>
				<posy>0</posy>
				<onleft>403</onleft>
				<onright>405</onright>
				<onup>410</onup>
				<ondown>Dialog.Close(PlayerControls)</ondown>
				<height>46</height>
				<width>46</width>
				<label></label>
				<texturefocus border="2">osd/osd_button_pause_fo.png</texturefocus>
				<texturenofocus border="2">osd/osd_button_pause_nf.png</texturenofocus>
				<usealttexture>Player.Paused | Player.Forwarding | Player.Rewinding</usealttexture>
				<alttexturefocus border="2">osd/osd_button_play_fo.png</alttexturefocus>
				<alttexturenofocus border="2">osd/osd_button_play_nf.png</alttexturenofocus>
				<disabledcolor></disabledcolor>
				<colordiffuse></colordiffuse>
				<onclick>PlayerControl(play)</onclick>
			</control>
			<control type="button" id="405">
				<description>Stop</description>
				<posx>150</posx>
				<posy>0</posy>
				<onleft>404</onleft>
				<onright>406</onright>
				<onup>410</onup>
				<ondown>Dialog.Close(PlayerControls)</ondown>
				<height>46</height>
				<width>46</width>
				<label></label>
				<texturefocus border="2">osd/osd_button_stop_fo.png</texturefocus>
				<texturenofocus border="2">osd/osd_button_stop_nf.png</texturenofocus>
				<onclick>PlayerControl(stop)</onclick>
			</control>
			<control type="button" id="406">
				<description>Forward</description>
				<posx>200</posx>
				<posy>0</posy>
				<onleft>405</onleft>
				<onright>407</onright>
				<onup>410</onup>
				<ondown>Dialog.Close(PlayerControls)</ondown>
				<height>46</height>
				<width>46</width>
				<label></label>
				<texturefocus border="2">osd/osd_button_ff_fo.png</texturefocus>
				<texturenofocus border="2">osd/osd_button_ff_nf.png</texturenofocus>
				<onclick>PlayerControl(forward)</onclick>
			</control>
			<control type="button" id="407">
				<description>Next</description>
				<posx>250</posx>
				<posy>0</posy>
				<onleft>406</onleft>
				<onright>408</onright>
				<onup>410</onup>
				<ondown>Dialog.Close(PlayerControls)</ondown>
				<height>46</height>
				<width>46</width>
				<label></label>
				<texturefocus border="2">osd/osd_button_next_fo.png</texturefocus>
				<texturenofocus border="2">osd/osd_button_next_nf.png</texturenofocus>
				<onclick>PlayerControl(Next)</onclick>
			</control>
			<control type="button" id="408">
				<description>Repeat</description>
				<posx>300</posx>
				<posy>0</posy>
				<onleft>407</onleft>
				<onright>409</onright>
				<onup>410</onup>
				<ondown>Dialog.Close(PlayerControls)</ondown>
				<height>46</height>
				<width>46</width>
				<label></label>
				<texturefocus></texturefocus>
				<texturenofocus></texturenofocus>
				<onclick>PlayerControl(repeat)</onclick>
			</control>
			<control type="image">
				<posx>300</posx>
				<posy>0</posy>
				<width>46</width>
				<height>46</height>
				<texture border="2">osd/osd_button_repeat_nf.png</texture>
				<visible>!Playlist.IsRepeat + !Playlist.IsRepeatOne</visible>
				<visible>!Control.HasFocus(408)</visible>
			</control>
			<control type="image">
				<posx>300</posx>
				<posy>0</posy>
				<width>46</width>
				<height>46</height>
				<texture border="2">osd/osd_button_repeat_fo.png</texture>
				<visible>!Playlist.IsRepeat + !Playlist.IsRepeatOne</visible>
				<visible>Control.HasFocus(408)</visible>
			</control>
			<control type="image">
				<posx>300</posx>
				<posy>0</posy>
				<width>46</width>
				<height>46</height>
				<texture border="2">osd/osd_button_repeat_one_nf.png</texture>
				<visible>Playlist.IsRepeatOne</visible>
				<visible>!Control.HasFocus(408)</visible>
			</control>
			<control type="image">
				<posx>300</posx>
				<posy>0</posy>
				<width>46</width>
				<height>46</height>
				<texture border="2">osd/osd_button_repeat_one_fo.png</texture>
				<visible>Playlist.IsRepeatOne</visible>
				<visible>Control.HasFocus(408)</visible>
			</control>
			<control type="image">
				<posx>300</posx>
				<posy>0</posy>
				<width>46</width>
				<height>46</height>
				<texture border="2">osd/osd_button_repeat_all_nf.png</texture>
				<visible>Playlist.IsRepeat</visible>
				<visible>!Control.HasFocus(408)</visible>
			</control>
			<control type="image">
				<posx>300</posx>
				<posy>0</posy>
				<width>46</width>
				<height>46</height>
				<texture border="2">osd/osd_button_repeat_all_fo.png</texture>
				<visible>Playlist.IsRepeat</visible>
				<visible>Control.HasFocus(408)</visible>
			</control>
			<control type="togglebutton" id="409">
				<description>Random</description>
				<posx>350</posx>
				<posy>0</posy>
				<onleft>408</onleft>
				<onright>402</onright>
				<onup>410</onup>
				<ondown>Dialog.Close(PlayerControls)</ondown>
				<height>46</height>
				<width>46</width>
				<label></label>
				<texturefocus border="2">osd/osd_button_random_fo.png</texturefocus>
				<texturenofocus border="2">osd/osd_button_random_nf.png</texturenofocus>
				<usealttexture>Playlist.IsRandom</usealttexture>
				<alttexturefocus border="2">osd/osd_button_random_on_fo.png</alttexturefocus>
				<alttexturenofocus border="2">osd/osd_button_random_on_nf.png</alttexturenofocus>
				<disabledcolor></disabledcolor>
				<colordiffuse></colordiffuse>
				<onclick>PlayerControl(random)</onclick>
			</control>
		</control>

		<!-- Music -->
		<control type="group">
			<visible>Player.HasAudio</visible>
			<control type="image">
				<description>Cover image</description>
				<posx>20</posx>
				<posy>17</posy>
				<width>130</width>
				<height>130</height>
				<texture>$INFO[MusicPlayer.Cover]</texture>
			</control>
			<control type="label">
				<description>Artist label</description>
				<posx>160</posx>
				<posy>15</posy>
				<height>30</height>
				<width>280</width>
				<label>$INFO[MusicPlayer.Artist]</label>
				<align>left</align>
				<aligny>center</aligny>
				<font>METF_TitleTextMedium</font>
				<textcolor>NowPlayingTitle</textcolor>
				<shadowcolor>black</shadowcolor>
			</control>
			<control type="fadelabel">
				<description>Title label</description>
				<posx>160</posx>
				<posy>43</posy>
				<height>30</height>
				<width>280</width>
				<label>$INFO[MusicPlayer.Title]</label>
				<align>left</align>
				<aligny>center</aligny>
				<font>METF_TitleText</font>
				<textcolor>white</textcolor>
				<shadowcolor>black</shadowcolor>
				<scrollout>false</scrollout>
				<pauseatend>2000</pauseatend>
			</control>
			<control type="label">
				<description>Album Label</description>
				<posx>160</posx>
				<posy>70</posy>
				<height>30</height>
				<width>280</width>
				<label>$INFO[MusicPlayer.Album]$INFO[musicplayer.discnumber, - $LOCALIZE[427]:]</label>
				<align>left</align>
				<aligny>center</aligny>
				<font>METF_TitleText</font>
				<textcolor>white</textcolor>
				<shadowcolor>black</shadowcolor>
			</control>
			<control type="label">
				<description>Time Label</description>
				<posx>160</posx>
				<posy>95</posy>
				<height>30</height>
				<width>280</width>
				<label>$INFO[MusicPlayer.Time]$INFO[MusicPlayer.Duration, / ]</label>
				<align>left</align>
				<aligny>center</aligny>
				<font>METF_TitleText</font>
				<textcolor>white</textcolor>
				<shadowcolor>black</shadowcolor>
			</control>
			<control type="label">
				<description>Next Label</description>
				<posx>160</posx>
				<posy>120</posy>
				<height>30</height>
				<width>280</width>
				<label>[COLOR=NowPlayingTitle]$LOCALIZE[209] :[/COLOR] $INFO[MusicPlayer.offset(1).Title]</label>
				<align>left</align>
				<aligny>center</aligny>
				<font>METF_TitleText</font>
				<textcolor>grey</textcolor>
				<shadowcolor>black</shadowcolor>
			</control>
		</control>

		<!-- Video -->
		<control type="group">
			<visible>Player.HasVideo</visible>
			<control type="image">
				<description>Cover image</description>
				<posx>20</posx>
				<posy>17</posy>
				<width>130</width>
				<height>130</height>
				<aspectratio>keep</aspectratio>
				<texture>$INFO[VideoPlayer.cover]</texture>
			</control>
			<control type="fadelabel">
				<description>Title label</description>
				<posx>160</posx>
				<posy>20</posy>
				<height>30</height>
				<width>280</width>
				<label>$INFO[VideoPlayer.Title]</label>
				<align>left</align>
				<aligny>center</aligny>
				<font>METF_TitleTextMedium</font>
				<textcolor>NowPlayingTitle</textcolor>
				<shadowcolor>black</shadowcolor>
				<scrollout>false</scrollout>
				<pauseatend>2000</pauseatend>
				<visible>!videoplayer.content(episodes) + !videoplayer.content(musicvideos)</visible>
			</control>
			<control type="label">
				<description>TV Show Title label</description>
				<posx>160</posx>
				<posy>20</posy>
				<height>30</height>
				<width>280</width>
				<label>$INFO[VideoPlayer.tvshowtitle]</label>
				<align>left</align>
				<aligny>center</aligny>
				<font>METF_TitleTextMedium</font>
				<textcolor>NowPlayingTitle</textcolor>
				<shadowcolor>black</shadowcolor>
				<visible>videoplayer.content(episodes)</visible>
			</control>
			<control type="fadelabel">
				<description>Music Video Artist label</description>
				<posx>160</posx>
				<posy>20</posy>
				<height>30</height>
				<width>280</width>
				<label>$INFO[VideoPlayer.Artist]</label>
				<align>left</align>
				<aligny>center</aligny>
				<font>METF_TitleTextMedium</font>
				<textcolor>NowPlayingTitle</textcolor>
				<shadowcolor>black</shadowcolor>
				<visible>videoplayer.content(musicvideos)</visible>
				<scrollout>false</scrollout>
				<pauseatend>2000</pauseatend>
			</control>
			<control type="fadelabel">
				<description>Title label</description>
				<posx>160</posx>
				<posy>43</posy>
				<height>30</height>
				<width>280</width>
				<label>$INFO[VideoPlayer.Title]</label>
				<align>left</align>
				<aligny>center</aligny>
				<font>METF_TitleTextMedium</font>
				<textcolor>NowPlayingTitle</textcolor>
				<shadowcolor>black</shadowcolor>
				<scrollout>false</scrollout>
				<pauseatend>2000</pauseatend>
				<visible>videoplayer.content(episodes) | videoplayer.content(musicvideos)</visible>
			</control>
			<control type="label">
				<description>Genre label</description>
				<posx>160</posx>
				<posy>70</posy>
				<height>30</height>
				<width>280</width>
				<label>$INFO[VideoPlayer.Genre]</label>
				<align>left</align>
				<aligny>center</aligny>
				<font>METF_TitleText</font>
				<textcolor>white</textcolor>
				<shadowcolor>black</shadowcolor>
				<visible>!videoplayer.content(episodes) + !videoplayer.content(musicvideos)</visible>
			</control>
			<control type="label">
				<posx>160</posx>
				<posy>70</posy>
				<height>30</height>
				<width>280</width>
				<label>$INFO[VideoPlayer.Album]</label>
				<align>left</align>
				<aligny>center</aligny>
				<font>METF_TitleText</font>
				<textcolor>white</textcolor>
				<shadowcolor>black</shadowcolor>
				<visible>videoplayer.content(musicvideos)</visible>
			</control>
			<control type="label">
				<description>Season and Episode label</description>
				<posx>160</posx>
				<posy>70</posy>
				<height>30</height>
				<width>280</width>
				<label>$LOCALIZE[20373] $INFO[VideoPlayer.Season] - $LOCALIZE[20359] $INFO[VideoPlayer.episode]</label>
				<align>left</align>
				<aligny>center</aligny>
				<font>METF_TitleText</font>
				<textcolor>white</textcolor>
				<shadowcolor>black</shadowcolor>
				<visible>videoplayer.content(episodes)</visible>
			</control>
			<control type="label">
				<description>Time Label</description>
				<posx>160</posx>
				<posy>95</posy>
				<height>30</height>
				<width>280</width>
				<label>$INFO[VideoPlayer.Time]$INFO[VideoPlayer.Duration, / ]</label>
				<align>left</align>
				<aligny>center</aligny>
				<font>METF_TitleText</font>
				<textcolor>white</textcolor>
				<shadowcolor>black</shadowcolor>
			</control>
		</control>
	</controls>
</window>
