<?xml version="1.0" encoding="UTF-8"?>
<includes>
	<include name="Viewtype_Collide">
		<control type="group">
			<visible>Control.IsVisible(553)</visible>
			<!-- Browser -->
			<control type="fixedlist" id="553">
				<animation type="Conditional" condition="Window.IsActive(addoninformation)">
					<effect type="zoom" time="600" center="640,360" start="100" end="50" tween="cubic" easing="out" />
					<effect type="fade" time="400" start="100" end="0" />
				</animation>
				<posx>1</posx>
				<posy>70</posy>
				<height>460</height>
				<width>1280</width>
				<onup>553</onup>
				<ondown>553</ondown>
				<include condition="!Skin.HasSetting(ViewLockdown)">OnLeft7000</include>
				<onright>995</onright>
				<scrolltime>160</scrolltime>
				<viewtype label="31287">list</viewtype>
				<orientation>vertical</orientation>
				<preloaditems>2</preloaditems>
				 <focusposition>4</focusposition>
				<aligny>top</aligny>
				<pagecontrol>998</pagecontrol>
				<include>Animation_OpenCloseFade</include>
				<include>Animation_FadedByMenu</include>
				<include>Animation_HiddenByInfo</include>
				<visible>!Skin.HasSetting(NoViewCollide)</visible>
				<itemlayout width="0" height="35">
					<!-- Items in Video Library -->
					<control type="label">
						<posx>115</posx>
						<posy>-2</posy>
						<width>708</width>
						<height>35</height>
						<aligny>center</aligny>
						<font>METF_TitleText</font>
						<textcolor>TextNF</textcolor>
						<selectedcolor>TextFO</selectedcolor>
						<label>$VAR[ListItemTitle]</label>
						<scroll>false</scroll>
					</control>
					<!-- Genre -->
					<control type="label">
						<posx>615</posx>
						<posy>4</posy>
						<width>190</width>
						<height>35</height>
						<aligny>center</aligny>
						<font>METF_TitleText</font>
						<textcolor>TextNF</textcolor>
						<selectedcolor>TextFO</selectedcolor>
						<label>$INFO[ListItem.Genre]</label>
					</control>
				</itemlayout>
				<focusedlayout width="0" height="150">
					<!-- Focus Bar -->
					<control type="image">
						<posx>0</posx>
						<posy>0</posy>
						<width>600</width>
						<height>150</height>
						<aligny>center</aligny>
						<texture>ButtonFO.png</texture>
						<colordiffuse>bbfccfc8</colordiffuse>
						<visible>Control.HasFocus(553)</visible>
					</control>
					<control type="image">
						<posx>0</posx>
						<posy>0</posy>
						<width>600</width>
						<height>150</height>
						<aligny>center</aligny>
						<texture>ButtonFO.png</texture>
						<colordiffuse>FocusBar</colordiffuse>
						<visible>!Control.HasFocus(553)</visible>
					</control>
					<!-- Thumbnail -->
					<control type="image">
						<posx>20</posx>
						<posy>10</posy>
						<width>80</width>
						<height>130</height>
						<fadetime>50</fadetime>
						<texture background="true" fallback="DefaultThumb.png">$VAR[PosterThumb]</texture>
						<aspectratio scalediffuse="false">stretch</aspectratio>
						<visible>!String.IsEmpty(ListItem.Title)</visible>
					</control>
					<!-- Items in Video Library -->
					<control type="label">
						<posx>115</posx>
						<posy>4</posy>
						<width>708</width>
						<height>35</height>
						<aligny>center</aligny>
						<scrollout>false</scrollout>
						<pauseatend>1800</pauseatend>
						<scrollspeed>40</scrollspeed>
						<scroll>true</scroll>
						<font>METF_MediaDetails</font>
						<textcolor>FocusBarText</textcolor>
						<selectedcolor>FocusBarText</selectedcolor>
						<label>Title</label>
					</control>
					<control type="label">
						<posx>115</posx>
						<posy>42</posy>
						<width>708</width>
						<height>35</height>
						<aligny>center</aligny>
						<scrollout>false</scrollout>
						<pauseatend>1800</pauseatend>
						<scrollspeed>40</scrollspeed>
						<scroll>true</scroll>
						<font>METF_TitleTextVeryLarge</font>
						<textcolor>FocusBarText</textcolor>
						<selectedcolor>FocusBarText</selectedcolor>
						<label>$VAR[ListItemTitle]</label>
					</control>
					<!-- Genre Bar -->
					<control type="image">
						<posx>600</posx>
						<posy>0</posy>
						<width>200</width>
						<height>150</height>
						<aligny>center</aligny>
						<texture>ButtonFO.png</texture>
						<colordiffuse>bbfccfc8</colordiffuse>
						<visible>Control.HasFocus(995)</visible>
					</control>
					<control type="image">
						<posx>600</posx>
						<posy>0</posy>
						<width>200</width>
						<height>150</height>
						<aligny>center</aligny>
						<texture>ButtonFO.png</texture>
						<colordiffuse>FocusBar</colordiffuse>
						<visible>!Control.HasFocus(995)</visible>
					</control>
					<!-- Genre -->
					<control type="label">
						<posx>615</posx>
						<posy>4</posy>
						<width>190</width>
						<height>35</height>
						<aligny>center</aligny>
						<scrollout>false</scrollout>
						<pauseatend>1800</pauseatend>
						<scrollspeed>40</scrollspeed>
						<scroll>true</scroll>
						<font>METF_MediaDetails</font>
						<textcolor>FocusBarText</textcolor>
						<selectedcolor>FocusBarText</selectedcolor>
						<label>Genre</label>
					</control>
					<control type="label">
						<posx>615</posx>
						<posy>42</posy>
						<width>190</width>
						<height>35</height>
						<aligny>center</aligny>
						<font>METF_TitleText</font>
						<textcolor>TextNF</textcolor>
						<selectedcolor>TextFO</selectedcolor>
						<label>$INFO[ListItem.Genre]</label>
					</control>
					<!-- Year Bar -->
					<control type="image">
						<posx>800</posx>
						<posy>0</posy>
						<width>250</width>
						<height>150</height>
						<aligny>center</aligny>
						<texture>ButtonFO.png</texture>
						<colordiffuse>bbfccfc8</colordiffuse>
						<visible>Control.HasFocus(996)</visible>
					</control>
					<control type="image">
						<posx>800</posx>
						<posy>0</posy>
						<width>250</width>
						<height>150</height>
						<aligny>center</aligny>
						<texture>ButtonFO.png</texture>
						<colordiffuse>FocusBar</colordiffuse>
						<visible>!Control.HasFocus(996)</visible>
					</control>
					<!-- Director Bar -->
					<control type="image">
						<posx>1050</posx>
						<posy>0</posy>
						<width>230</width>
						<height>150</height>
						<aligny>center</aligny>
						<texture>ButtonFO.png</texture>
						<colordiffuse>bbfccfc8</colordiffuse>
						<visible>Control.HasFocus(997)</visible>
					</control>
					<control type="image">
						<posx>1050</posx>
						<posy>0</posy>
						<width>230</width>
						<height>150</height>
						<aligny>center</aligny>
						<texture>ButtonFO.png</texture>
						<colordiffuse>FocusBar</colordiffuse>
						<visible>!Control.HasFocus(997)</visible>
					</control>
				</focusedlayout>
			</control>
			<!-- Genre button -->
		<control type="list" id="995">
				<posx>615</posx>
				<posy>4</posy>
				<width>190</width>
				<height>35</height>
				<orientation>vertical</orientation>
				<onleft>553</onleft>
				<onright>996</onright>
				<ondown>noop</ondown>
				<onup>noop</onup>
						<visible>Window.IsActive(videos)</visible>
				<itemlayout height="35" width="190">
					<control type="label">
						<posx>0</posx>
						<posy>0</posy>
						<width>190</width>
						<height>35</height>
						<aligny>center</aligny>
						<font>METF_TitleText</font>
						<textcolor>TextNF</textcolor>
						<selectedcolor>TextFO</selectedcolor>
						<label>$INFO[ListItem.Label]</label>
					</control>
				</itemlayout>
				<focusedlayout height="35" width="190">
					<control type="label">
						<posx>0</posx>
						<posy>0</posy>
						<width>190</width>
						<height>35</height>
						<aligny>center</aligny>
						<font>METF_TitleText</font>
						<textcolor>TextNF</textcolor>
						<selectedcolor>TextFO</selectedcolor>
						<label>$INFO[ListItem.Label]</label>
						<visible>String.Contains(Container.ListItem.Genre,ListItem.Label)</visible>
					</control>
				</focusedlayout>
				<content>
					<item id="0">
						<label>Comedy</label>
						<onclick>SetFocus(553)</onclick>
						<onclick>JumpSMS9</onclick>
					</item>
					<item id="1">
						<label>Science Fiction</label>
						<onclick>SetFocus(553)</onclick>
						<onclick>JumpSMS9</onclick>
					</item>
					<item id="2">
						<label>Horror</label>
						<onclick>SetFocus(553)</onclick>
						<onclick>JumpSMS9</onclick>
					</item>
					<item id="3">
						<label>Thriller</label>
						<onclick>SetFocus(553)</onclick>
						<onclick>JumpSMS9</onclick>
					</item>
					
					<item id="4">
						<label>War</label>
						<onclick>SetFocus(553)</onclick>
						<onclick>JumpSMS9</onclick>
					</item>
			
				</content>
			</control>	
			<!-- Year button -->
			<control type="button" id="996">
				<onup>553</onup>
				<ondown>553</ondown>
				<onleft>995</onleft>
				<onright>997</onright>
				<description>sets</description>
				<posx>745</posx>
				<posy>5</posy>
				<width>32</width>
				<height>24</height>
				<onclick>ActivateWindow(10025,"videodb://movies/sets/$INFO[ListItem.SetId]/?setid=$INFO[ListItem.SetId]",return)</onclick>
				<visible>Window.IsActive(videos) + !String.StartsWith(Container.FolderPath, videodb://movies/sets/) + !IsEmpty(ListItem.Set)</visible>
			</control>	
			<!-- Director button -->
			<control type="button" id="997">
				<onup>553</onup>
				<ondown>553</ondown>
				<onleft>996</onleft>
				<onright>998</onright>
				<description>sets</description>
				<posx>745</posx>
				<posy>5</posy>
				<width>32</width>
				<height>24</height>
				<onclick>ActivateWindow(10025,"videodb://movies/sets/$INFO[ListItem.SetId]/?setid=$INFO[ListItem.SetId]",return)</onclick>
				<visible>Window.IsActive(videos) + !String.StartsWith(Container.FolderPath, videodb://movies/sets/) + !IsEmpty(ListItem.Set)</visible>
			</control>	
			<!-- Scroll Bar -->
			<control type="scrollbar" id="998">
				<include>Animation_OpenCloseFade</include>
				<include>Animation_FadedByMenu</include>
				<posx>1270</posx>
				<posy>128</posy>
				<width>22</width>
				<height>376</height>
				<visible allowhiddenfocus="true">Control.HasFocus(998) | Container.Scrolling</visible>
				<texturesliderbackground></texturesliderbackground>
				<textureslidernib>ScrollbarVnibFO.png</textureslidernib>
				<textureslidernibfocus>ScrollbarVnibFO.png</textureslidernibfocus>
				<onleft>997</onleft>
				<onright>999</onright>
				<showonepage>true</showonepage>
				<orientation>vertical</orientation>
				<animation effect="fade" start="0" end="100" time="400" condition="Control.HasFocus(998) | Container.Scrolling">Conditional</animation>
			</control>
			
			<control type="image">
				<left>15</left>
				<top>239</top>
				<width>1250</width>
				<height>15</height>
				<texture border="4">scrollbar-background.png</texture>
				<animation effect="fade" start="100" end="0" time="150" condition="!Control.HasFocus(999)">Conditional</animation>
				<visible>!Control.HasFocus(999)</visible>
			</control>		
			
			
			
		</control>
	</include>
</includes>
