<addon id="repository.emad" name="EMAD Repository" version="6.5.1" provider-name="EMAD MAHDI">
	<extension point="xbmc.addon.repository" name="EMAD Repository">
		<dir minversion="19.0.0">
			<info compressed="false">https://raw.githubusercontent.com/emadmahdi/KODI/master/ADDONS19/addons19.xml</info>
			<checksum>https://raw.githubusercontent.com/emadmahdi/KODI/master/ADDONS19/addons19.xml.md5</checksum>
			<datadir zip="true">https://raw.githubusercontent.com/emadmahdi/KODI/master/ADDONS19/</datadir>
		</dir>
		<dir minversion="19.0.0">
			<info compressed="false">https://gitea.com/emadmahdi/KODI/raw/branch/master/ADDONS19/addons19.xml</info>
			<checksum>https://gitea.com/emadmahdi/KODI/raw/branch/master/ADDONS19/addons19.xml.md5</checksum>
			<datadir zip="true">https://gitea.com/emadmahdi/KODI/raw/branch/master/ADDONS19/</datadir>
		</dir>
		<dir minversion="19.0.0">
			<info compressed="false">https://codeberg.org/emadmahdi/KODI/raw/branch/master/ADDONS19/addons19.xml</info>
			<checksum>https://codeberg.org/emadmahdi/KODI/raw/branch/master/ADDONS19/addons19.xml.md5</checksum>
			<datadir zip="true">https://codeberg.org/emadmahdi/KODI/raw/branch/master/ADDONS19/</datadir>
		</dir>
		<dir minversion="18.0.0">
			<info compressed="false">https://raw.githubusercontent.com/emadmahdi/KODI/master/ADDONS18/addons18.xml</info>
			<checksum>https://raw.githubusercontent.com/emadmahdi/KODI/master/ADDONS18/addons18.xml.md5</checksum>
			<datadir zip="true">https://raw.githubusercontent.com/emadmahdi/KODI/master/ADDONS18/</datadir>
		</dir>
		<dir minversion="18.0.0">
			<info compressed="false">https://gitea.com/emadmahdi/KODI/raw/branch/master/ADDONS18/addons18.xml</info>
			<checksum>https://gitea.com/emadmahdi/KODI/raw/branch/master/ADDONS18/addons18.xml.md5</checksum>
			<datadir zip="true">https://gitea.com/emadmahdi/KODI/raw/branch/master/ADDONS18/</datadir>
		</dir>
		<dir minversion="18.0.0">
			<info compressed="false">https://codeberg.org/emadmahdi/KODI/raw/branch/master/ADDONS18/addons18.xml</info>
			<checksum>https://codeberg.org/emadmahdi/KODI/raw/branch/master/ADDONS18/addons18.xml.md5</checksum>
			<datadir zip="true">https://codeberg.org/emadmahdi/KODI/raw/branch/master/ADDONS18/</datadir>
		</dir>
		<dir>
			<info compressed="false">https://raw.githubusercontent.com/emadmahdi/KODI/master/ADDONS/addons.xml</info>
			<checksum>https://raw.githubusercontent.com/emadmahdi/KODI/master/ADDONS/addons.xml.md5</checksum>
			<datadir zip="true">https://raw.githubusercontent.com/emadmahdi/KODI/master/ADDONS/</datadir>
		</dir>
		<dir>
			<info compressed="false">https://gitea.com/emadmahdi/KODI/raw/branch/master/ADDONS/addons.xml</info>
			<checksum>https://gitea.com/emadmahdi/KODI/raw/branch/master/ADDONS/addons.xml.md5</checksum>
			<datadir zip="true">https://gitea.com/emadmahdi/KODI/raw/branch/master/ADDONS/</datadir>
		</dir>
		<dir>
			<info compressed="false">https://codeberg.org/emadmahdi/KODI/raw/branch/master/ADDONS/addons.xml</info>
			<checksum>https://codeberg.org/emadmahdi/KODI/raw/branch/master/ADDONS/addons.xml.md5</checksum>
			<datadir zip="true">https://codeberg.org/emadmahdi/KODI/raw/branch/master/ADDONS/</datadir>
		</dir>
	</extension>
	<extension point="xbmc.addon.metadata">
		<summary lang="en">Install Add-ons from EMAD</summary>
		<description lang="en">Download and install add-ons from EMAD</description>
		<platform>all</platform>
	</extension>
</addon>
