<?xml version="1.0" encoding="UTF-8"?>
<includes>
	<include name="PosterViewCommon_Browser">
		<posx>20</posx>
		<posy>70</posy>
		<height>515</height>
		<width>1240</width>
		<include condition="!Skin.HasSetting(ViewLockdown)">OnUp7000</include>
		<ondown>60</ondown>
		<orientation>horizontal</orientation>
		<focusposition>1</focusposition>
		<scrolltime>200</scrolltime>
		<pagecontrol>60</pagecontrol>
		<include>Animation_OpenCloseFade</include>
		<include>Animation_FadedByMenu</include>
		<include>Animation_HiddenByInfo</include>
		<visible>Window.IsActive(videos) + [Container.Content(movies) | Container.Content(sets) | Container.Content(tvshows) | Container.Content(seasons)]</visible>
		<itemlayout width="195" height="245">
			<control type="image">
				<posx>16</posx>
				<posy>121</posy>
				<width>164</width>
				<height>241</height>
				<texture background="true" fallback="DefaultThumb.png">$VAR[PosterThumb]</texture>
				<aspectratio scalediffuse="false">stretch</aspectratio>
				<visible>!String.IsEmpty(ListItem.Title)</visible>
			</control>
			<control type="image">
				<posx>16</posx>
				<posy>121</posy>
				<width>164</width>
				<height>241</height>
				<texture background="true">$INFO[ListItem.Icon]</texture>
				<aspectratio scalediffuse="false">keep</aspectratio>
				<visible>String.IsEmpty(ListItem.Title)</visible>
			</control>
			<control type="image">
				<posx>1</posx>
				<posy>105</posy>
				<width>197</width>
				<height>273</height>
				<texture>frames/ClassicFrame_PosterSmall.png</texture>
				<aspectratio>stretch</aspectratio>
			<visible>!String.IsEmpty(ListItem.Title)</visible>
			</control>
			<control type="image">
				<posx>148</posx>
				<posy>330</posy>
				<width>24</width>
				<height>24</height>
				<fadetime>400</fadetime>
				<texture>$INFO[ListItem.Overlay]</texture>
				<colordiffuse>WatchedOverlay</colordiffuse>
				<visible>!ListItem.IsResumable + [[[Container.Content(movies) | Container.Content(sets)] + !Skin.HasSetting(HideMovieWatchedOverlays)] | [![Container.Content(movies) | Container.Content(sets)] + !Skin.HasSetting(HideTVWatchedOverlays)]]</visible>
			</control>
			<!-- Watched Overlay for In-Progress Items -->
			<control type="image">
				<posx>144</posx>
				<posy>325</posy>
				<width>35</width>
				<height>35</height>
				<texture>flags/Progress/$INFO[ListItem.PercentPlayed].png</texture>
				<colordiffuse>WatchedOverlay</colordiffuse>
				<visible>ListItem.IsResumable + [[[Container.Content(movies) | Container.Content(sets)] + !Skin.HasSetting(HideMovieWatchedOverlays)] | [![Container.Content(movies) | Container.Content(sets)] + !Skin.HasSetting(HideTVWatchedOverlays)]]</visible>
			</control>
		</itemlayout>
		<focusedlayout width="265" height="400">
			<control type="image">
				<posx>13</posx>
				<posy>71</posy>
				<width>240</width>
				<height>353</height>
				<texture background="true" fallback="DefaultThumb.png">$VAR[PosterThumb]</texture>
				<aspectratio scalediffuse="false">stretch</aspectratio>
				<animation type="Focus" reversible="false">
					<effect type="zoom" center="auto" start="72" end="100" time="250" tween="sine" easing="inout" delay="150" />
					<!--
					<effect type="fade" start="0" end="100" time="300" />
					-->
				</animation>
				<visible>!String.IsEmpty(ListItem.Title)</visible>
			</control>
			<control type="image">
				<posx>13</posx>
				<posy>71</posy>
				<width>240</width>
				<height>353</height>
				<texture background="true">$INFO[ListItem.Icon]</texture>
				<aspectratio scalediffuse="false">keep</aspectratio>
				<animation type="Focus" reversible="false">
					<effect type="zoom" center="auto" start="72" end="100" time="250" tween="sine" easing="inout" delay="150" />
					<!--
					<effect type="fade" start="0" end="100" time="300" />
					-->
				</animation>
				<visible>String.IsEmpty(ListItem.Title)</visible>
			</control>
			<control type="image">
				<posx>-1</posx>
				<posy>52</posy>
				<width>267</width>
				<height>392</height>
				<texture>frames/ClassicFrame_PosterMedium.png</texture>
				<animation type="Focus" reversible="false">
					<effect type="zoom" center="auto" start="72" end="100" time="250" tween="sine" easing="inout" delay="150" />
					<!--
					<effect type="fade" start="0" end="100" time="300" />
					-->
				</animation>
				<aspectratio>stretch</aspectratio>
				<visible>!String.IsEmpty(ListItem.Title)</visible>
			</control>
			<control type="image">
				<posx>210</posx>
				<posy>382</posy>
				<width>32</width>
				<height>32</height>
				<fadetime>400</fadetime>
				<texture>$INFO[ListItem.Overlay]</texture>
				<colordiffuse>WatchedOverlay</colordiffuse>
				<animation type="Focus" reversible="false">
					<effect type="zoom" center="135,198" start="75" end="100" time="250" tween="sine" easing="inout" delay="150" />
					<!--
					<effect type="fade" start="0" end="100" time="300" />
					-->
				</animation>
				<visible>!ListItem.IsResumable + [[[Container.Content(movies) | Container.Content(sets)] + !Skin.HasSetting(HideMovieWatchedOverlays)] | [![Container.Content(movies) | Container.Content(sets)] + !Skin.HasSetting(HideTVWatchedOverlays)]]</visible>
			</control>
			<!-- Watched Overlay for In-Progress Items -->
			<control type="image">
				<posx>206</posx>
				<posy>380</posy>
				<width>43</width>
				<height>43</height>
				<texture>flags/Progress/$INFO[ListItem.PercentPlayed].png</texture>
				<colordiffuse>WatchedOverlay</colordiffuse>
				<animation type="Focus" reversible="false">
					<effect type="zoom" center="135,198" start="75" end="100" time="250" tween="sine" easing="inout" delay="150" />
					<!--
					<effect type="fade" start="0" end="100" time="300" />
					-->
				</animation>
				<visible>ListItem.IsResumable + [[[Container.Content(movies) | Container.Content(sets)] + !Skin.HasSetting(HideMovieWatchedOverlays)] | [![Container.Content(movies) | Container.Content(sets)] + !Skin.HasSetting(HideTVWatchedOverlays)]]</visible>
			</control>
		</focusedlayout>
	</include>
	<include name="PosterViewCommon_Details">
		<!-- Browser label and flags -->
		<control type="group">
			<include>Animation_OpenCloseFade</include>
			<include>Animation_FadedByMenu</include>
			<include>Animation_HiddenByInfo</include>
			<visible>!String.IsEmpty(ListItem.Title)</visible>
			<!-- Movie and TV Show Titles -->
			<control type="fadelabel">
				<posx>500</posx>
				<posy>450</posy>
				<width>750</width>
				<height>30</height>
				<aligny>center</aligny>
				<scrollout>false</scrollout>
				<pauseatend>400</pauseatend>
				<font>METF_TitleTextLarge</font>
				<textcolor>TitleText</textcolor>
				<label>$VAR[ListItemTitle]</label>
				<visible>!Container.Content(seasons)</visible>
			</control>
			<!-- Season - TV Show Title -->
			<control type="fadelabel">
				<posx>500</posx>
				<posy>450</posy>
				<width>750</width>
				<height>30</height>
				<aligny>center</aligny>
				<scrollout>false</scrollout>
				<pauseatend>400</pauseatend>
				<font>METF_TitleTextLarge</font>
				<textcolor>TitleText</textcolor>
				<label>$INFO[ListItem.TVShowTitle]</label>
				<visible>Container.Content(seasons)</visible>
			</control>
			<control type="grouplist">
				<posx>500</posx>
				<posy>481</posy>
				<width>750</width>
				<height>30</height>
				<itemgap>10</itemgap>
				<orientation>horizontal</orientation>
				<include>VisibleIfNotMovieSet</include>
				<!-- Genre -->
				<control type="label">
					<width min="25" max="540">auto</width>
					<height>30</height>
					<font>METF_MediaDetailsSmall</font>
					<textcolor>MediaDetailsGenre</textcolor>
					<label>$INFO[ListItem.Genre]</label>
					<visible>!String.IsEmpty(ListItem.Genre)</visible>
				</control>
				<!-- Bullet -->
				<control type="image">
					<include>ViewDetailsBullet</include>
					<visible>!String.IsEmpty(ListItem.Genre) + Container.Content(seasons) + !String.IsEmpty(ListItem.Label)</visible>
				</control>
				<!-- Season Number -->
				<control type="label">
					<width min="25" max="220">auto</width>
					<height>30</height>
					<font>METF_MediaDetailsSmall</font>
					<textcolor>MediaDetailsInfo</textcolor>
					<label>$INFO[ListItem.Label]</label>
					<visible>Container.Content(seasons) + !String.IsEmpty(ListItem.Label)</visible>
				</control>
			</control>
			<!-- Movie Sets -->
			<control type="label">
				<posx>500</posx>
				<posy>481</posy>
				<width>760</width>
				<height>30</height>
				<font>METF_MediaDetailsSmall</font>
				<textcolor>MediaDetailsGenre</textcolor>
				<label>$LOCALIZE[31313]</label>
				<include>VisibleIfMovieSet</include>
			</control>
			<!-- Tagline -->
			<control type="textbox">
				<posx>500</posx>
				<posy>130</posy>
				<width>760</width>
				<height>50</height>
				<align>left</align>
				<font>METF_PlotText</font>
				<textcolor>TextNF</textcolor>
				<label>$INFO[ListItem.Tagline]</label>
				<visible>Container.Content(movies) + !String.IsEmpty(ListItem.Tagline) + !Skin.HasSetting(Hide_MovieTagline)</visible>
			</control>
		</control>
		<control type="grouplist">
			<posx>206</posx>
			<posy>509</posy>
			<width>290</width>
			<height>30</height>
			<align>center</align>
			<itemgap>10</itemgap>
			<orientation>horizontal</orientation>
			<include>Animation_OpenCloseFade</include>
			<include>Animation_FadedByMenu</include>
			<include>Animation_HiddenByInfo</include>
			<include>ViewDetailsYearDurEps</include>
			<visible>Window.IsActive(videos) + [Container.Content(movies) | Container.Content(tvshows) | Container.Content(seasons)]</visible>
			<include>VisibleIfNotMovieSet</include>
		</control>
	</include>

	<include name="BannerViewCommon_Browser">
		<itemlayout width="400" height="90">
			<control type="image">
				<posx>12</posx>
				<posy>15</posy>
				<width>375</width>
				<height>70</height>
				<texture>frames/banner_diffuse.png</texture>
				<colordiffuse>FrameBackgroundDiffuse</colordiffuse>
				<visible>!String.IsEmpty(ListItem.Title)</visible>
			</control>
			<control type="image">
				<posx>12</posx>
				<posy>15</posy>
				<width>375</width>
				<height>70</height>
				<texture background="true" diffuse="frames/banner_diffuse.png">$INFO[ListItem.Icon]</texture>
				<aspectratio scalediffuse="true">keep</aspectratio>
				<visible>String.IsEmpty(ListItem.Title)</visible>
			</control>
			<control type="image">
				<posx>12</posx>
				<posy>15</posy>
				<width>375</width>
				<height>70</height>
				<texture background="true" fallback="DefaultBanner.png" diffuse="frames/banner_diffuse.png">$INFO[ListItem.Art(banner)]</texture>
				<aspectratio scalediffuse="true">stretch</aspectratio>
				<visible>!String.IsEmpty(ListItem.Title)</visible>
			</control>
			<control type="image">
				<posx>4</posx>
				<posy>7</posy>
				<width>390</width>
				<height>86</height>
				<texture background="true">frames/banner_frame2.png</texture>
				<aspectratio scalediffuse="true">stretch</aspectratio>
			<visible>!String.IsEmpty(ListItem.Title)</visible>
			</control>
			<control type="image">
				<posx>354</posx>
				<posy>52</posy>
				<width>28</width>
				<height>28</height>
				<texture>$INFO[ListItem.Overlay]</texture>
				<colordiffuse>WatchedOverlay</colordiffuse>
				<visible>!Skin.HasSetting(HideTVWatchedOverlays)</visible>
			</control>
		</itemlayout>
		<focusedlayout width="400" height="90">
			<control type="image">
				<posx>12</posx>
				<posy>15</posy>
				<width>375</width>
				<height>70</height>
				<texture>frames/banner_diffuse.png</texture>
				<colordiffuse>FrameBackgroundDiffuse</colordiffuse>
				<animation reversible="false" effect="zoom" center="auto" start="100" end="115" time="200" tween="sine" easing="inout">focus</animation>
				<animation reversible="false" effect="zoom" center="auto" start="115" end="100" time="200" tween="sine" easing="inout">unfocus</animation>
				<visible>!String.IsEmpty(ListItem.Title)</visible>
			</control>
			<control type="image">
				<posx>12</posx>
				<posy>15</posy>
				<width>375</width>
				<height>70</height>
				<texture background="true" diffuse="frames/banner_diffuse.png">$INFO[ListItem.Icon]</texture>
				<aspectratio scalediffuse="true">keep</aspectratio>
				<animation reversible="false" effect="zoom" center="auto" start="100" end="115" time="200" tween="sine" easing="inout">focus</animation>
				<animation reversible="false" effect="zoom" center="auto" start="115" end="100" time="200" tween="sine" easing="inout">unfocus</animation>
				<visible>String.IsEmpty(ListItem.Title)</visible>
			</control>
			<control type="image">
				<posx>12</posx>
				<posy>15</posy>
				<width>375</width>
				<height>70</height>
				<texture background="true" fallback="DefaultBanner.png" diffuse="frames/banner_diffuse.png">$INFO[ListItem.Art(banner)]</texture>
				<aspectratio scalediffuse="true">stretch</aspectratio>
				<animation reversible="false" effect="zoom" center="auto" start="100" end="115" time="200" tween="sine" easing="inout">focus</animation>
				<animation reversible="false" effect="zoom" center="auto" start="115" end="100" time="200" tween="sine" easing="inout">unfocus</animation>
				<visible>!String.IsEmpty(ListItem.Title)</visible>
			</control>
			<control type="image">
				<posx>4</posx>
				<posy>7</posy>
				<width>390</width>
				<height>86</height>
				<texture background="true">frames/banner_frame2.png</texture>
				<aspectratio scalediffuse="true">stretch</aspectratio>
			<visible>!String.IsEmpty(ListItem.Title)</visible>
				<animation reversible="false" effect="zoom" center="auto" start="100" end="115" time="200" tween="sine" easing="inout">focus</animation>
				<animation reversible="false" effect="zoom" center="auto" start="115" end="100" time="200" tween="sine" easing="inout">unfocus</animation>
			</control>
			<control type="image">
				<posx>354</posx>
				<posy>52</posy>
				<width>28</width>
				<height>28</height>
				<texture>$INFO[ListItem.Overlay]</texture>
				<colordiffuse>WatchedOverlay</colordiffuse>
				<animation reversible="false" effect="zoom" center="195,43" start="100" end="115" time="200" tween="sine" easing="inout">focus</animation>
				<animation reversible="false" effect="zoom" center="195,43" start="115" end="100" time="200" tween="sine" easing="inout">unfocus</animation>
				<visible>!Skin.HasSetting(HideTVWatchedOverlays)</visible>
			</control>
		</focusedlayout>
	</include>

	<include name="PosterLargeViewCommon_Browser">
		<posx>-100</posx>
		<posy>40</posy>
		<height>500</height>
		<width>1500</width>
		<include condition="!Skin.HasSetting(ViewLockdown)">OnUp7000</include>
		<ondown>60</ondown>
		<orientation>horizontal</orientation>
		<focusposition>1</focusposition>
		<scrolltime>200</scrolltime>
		<pagecontrol>60</pagecontrol>
		<include>Animation_FadedByMenu</include>
		<include>Animation_OpenCloseFade</include>
		<include>Animation_HiddenByInfo</include>
		<visible>Container.Content(movies) | Container.Content(sets) | Container.Content(tvshows) | Container.Content(seasons)</visible>
		<itemlayout width="300" height="420">
			<control type="group">
				<posx>-30</posx>
				<posy>10</posy>
				<!-- Unfocused Item - Poster -->
				<control type="image">
					<posx>22</posx>
					<posy>24</posy>
					<width>238</width>
					<height>359</height>
					<texture background="true" fallback="DefaultThumb.png">$VAR[PosterThumb]</texture>
					<aspectratio scalediffuse="false">stretch</aspectratio>
					<visible>!String.IsEmpty(ListItem.Title)</visible>
				</control>
				<control type="image">
					<posx>22</posx>
					<posy>24</posy>
					<width>238</width>
					<height>359</height>
					<texture background="true">$INFO[ListItem.Icon]</texture>
					<aspectratio scalediffuse="false">keep</aspectratio>
					<visible>String.IsEmpty(ListItem.Title)</visible>
				</control>
				<!-- Unfocused Item - Frame -->
				<control type="image">
					<posx>22</posx>
					<posy>24</posy>
					<width>238</width>
					<height>359</height>
					<texture>frames/ClassicFrameGlass_Vertical.png</texture>
					<aspectratio scalediffuse="false">stretch</aspectratio>
					<colordiffuse>GlassDiffuse</colordiffuse>
					<visible>!String.IsEmpty(ListItem.Title)</visible>
				</control>
				<control type="image">
					<width>285</width>
					<height>408</height>
					<texture>frames/ClassicFrame_PosterSmall.png</texture>
					<aspectratio scalediffuse="false">stretch</aspectratio>
					<visible>!String.IsEmpty(ListItem.Title)</visible>
				</control>
				<!-- Unfocused Item - Watched Overlay -->
				<control type="image">
					<posx>220</posx>
					<posy>341</posy>
					<width>32</width>
					<height>32</height>
					<fadetime>400</fadetime>
					<texture>$INFO[ListItem.Overlay]</texture>
					<colordiffuse>WatchedOverlay</colordiffuse>
					<visible>!ListItem.IsResumable + [[[Container.Content(movies) | Container.Content(sets)] + !Skin.HasSetting(HideMovieWatchedOverlays)] | [![Container.Content(movies) | Container.Content(sets)] + !Skin.HasSetting(HideTVWatchedOverlays)]]</visible>
				</control>
				<!-- Unfocused Item - Watched Overlay for In-Progress Items -->
				<control type="image">
					<posx>216</posx>
					<posy>336</posy>
					<width>43</width>
					<height>43</height>
					<texture>flags/Progress/$INFO[ListItem.PercentPlayed].png</texture>
					<colordiffuse>WatchedOverlay</colordiffuse>
					<visible>ListItem.IsResumable + [[[Container.Content(movies) | Container.Content(sets)] + !Skin.HasSetting(HideMovieWatchedOverlays)] | [![Container.Content(movies) | Container.Content(sets)] + !Skin.HasSetting(HideTVWatchedOverlays)]]</visible>
				</control>
			</control>
		</itemlayout>
		<focusedlayout width="370" height="420">
			<!-- Focused Item Poster -->
			<control type="group">
				<animation type="Focus" reversible="false">
					<effect type="zoom" center="100,0" start="88" end="100" time="250" tween="sine" easing="inout" delay="200" />
				</animation>
				<posx>-15</posx>
				<!-- Focused Item - Poster -->
				<control type="image">
					<posx>15</posx>
					<posy>32</posy>
					<width>286</width>
					<height>432</height>
					<texture background="true" fallback="DefaultThumb.png">$VAR[PosterThumb]</texture>
					<aspectratio scalediffuse="false">stretch</aspectratio>
					<visible>!String.IsEmpty(ListItem.Title)</visible>
				</control>
				<control type="image">
					<posx>15</posx>
					<posy>32</posy>
					<width>286</width>
					<height>432</height>
					<texture background="true">$INFO[ListItem.Icon]</texture>
					<aspectratio scalediffuse="false">keep</aspectratio>
					<visible>String.IsEmpty(ListItem.Title)</visible>
				</control>
				<!-- Focused Item - Poster Frame -->
				<control type="image">
					<posx>-2</posx>
					<posy>8</posy>
					<width>321</width>
					<height>480</height>
					<texture>frames/ClassicFrame_PosterMedium.png</texture>
					<aspectratio>stretch</aspectratio>
					<visible>!String.IsEmpty(ListItem.Title)</visible>
				</control>
				<!-- Focused Item - Watched Overlay -->
				<control type="image">
					<posx>260</posx>
					<posy>423</posy>
					<width>32</width>
					<height>32</height>
					<fadetime>400</fadetime>
					<texture>$INFO[ListItem.Overlay]</texture>
					<colordiffuse>WatchedOverlay</colordiffuse>
					<animation type="Focus" reversible="false">
						<effect type="fade" start="0" end="100" time="300" />
					</animation>
					<visible>!ListItem.IsResumable + [[[Container.Content(movies) | Container.Content(sets)] + !Skin.HasSetting(HideMovieWatchedOverlays)] | [![Container.Content(movies) | Container.Content(sets)] + !Skin.HasSetting(HideTVWatchedOverlays)]]</visible>
				</control>
				<!-- Focused Item - Watched Overlay for In-Progress Items -->
				<control type="image">
					<posx>256</posx>
					<posy>418</posy>
					<width>43</width>
					<height>43</height>
					<texture>flags/Progress/$INFO[ListItem.PercentPlayed].png</texture>
					<colordiffuse>WatchedOverlay</colordiffuse>
					<animation type="Focus" reversible="false">
						<effect type="fade" start="0" end="100" time="300" />
					</animation>
					<visible>ListItem.IsResumable + [[[Container.Content(movies) | Container.Content(sets)] + !Skin.HasSetting(HideMovieWatchedOverlays)] | [![Container.Content(movies) | Container.Content(sets)] + !Skin.HasSetting(HideTVWatchedOverlays)]]</visible>
				</control>
			</control>
		</focusedlayout>
	</include>
	<include name="PosterLargeViewCommon_Details">
		<!-- Browser label and flags -->
		<control type="group">
			<include>Animation_FadedByMenu</include>
			<include>Animation_HiddenByInfo</include>
			<include>Animation_OpenCloseFade</include>
			<visible>Container.Content(movies) | Container.Content(sets) | Container.Content(tvshows) | Container.Content(seasons)</visible>
			<control type="group">
				<posx>520</posx>
				<posy>450</posy>
				<!-- Title -->
				<control type="fadelabel">
					<width>730</width>
					<height>50</height>
					<aligny>center</aligny>
					<scrollout>false</scrollout>
					<pauseatend>400</pauseatend>
					<font>METF_TitleTextLarge</font>
					<textcolor>TitleText</textcolor>
					<label>$VAR[ListItemTitle]</label>
				</control>
				<!-- Details -->
				<control type="grouplist">
					<posy>42</posy>
					<width>1200</width>
					<height>30</height>
					<itemgap>10</itemgap>
					<orientation>horizontal</orientation>
					<include>ViewDetailsGenreYearDurEpsUnwatched</include>
					<visible>Container.Content(movies) | Container.Content(tvshows) | Container.Content(seasons)</visible>
					<include>VisibleIfNotMovieSet</include>
				</control>
				<control type="label">
					<posy>42</posy>
					<width>800</width>
					<height>30</height>
					<font>METF_MediaDetailsSmall</font>
					<textcolor>MediaDetailsGenre</textcolor>
					<label>$LOCALIZE[31313]</label>
					<include>VisibleIfMovieSet</include>
				</control>
			</control>
		</control>
	</include>
</includes>
