<?xml version="1.0" encoding="UTF-8"?>
<window>
	<animation type="WindowOpen" reversible="false">
		<effect type="slide" start="0,0" end="0,-100" time="300" />
		<effect type="fade" start="0" end="100" time="300" />
	</animation>
	<animation type="WindowClose" reversible="false">
		<effect type="slide" start="0,-100" end="0,0" delay="1200" time="300" />
		<effect type="fade" start="100" end="0" delay="1200" time="300" />
	</animation>
	<controls>
		<control type="group">
			<posx>220</posx>
			<posy>685</posy>
			<visible>!Window.IsActive(2006)</visible>
			<!-- Background Panel -->
			<control type="image" id="9040">
				<description>background image</description>
				<posx>0</posx>
				<posy>5</posy>
				<width>800</width>
				<height>115</height>
				<texture flipy="true">dialogs/dialogbg_icon2.png</texture>
				<colordiffuse>FF6eb3ee</colordiffuse>
			</control>
			<!-- Actual Header & Text -->
			<control type="image" id="9050">
				<posx>65</posx>
				<posy>15</posy>
				<width>720</width>
				<height>97</height>
				<enable>true</enable>
				<enabled>true</enabled>
			</control>
			<!-- Default Icon -->
			<control type="image" id="400">
				<posx>30</posx>
				<posy>40</posy>
				<width>50</width>
				<height>50</height>
				<aspectratio>keep</aspectratio>
				<texture diffuse="frames/square_matte.png">DefaultIconInfo.png</texture>
			</control>
			<!-- Header (not used) -->
			<control type="fadelabel" id="401">
				<description>Line 1 Label</description>
				<posx>55</posx>
				<posy>10</posy>
				<width>720</width>
				<height>52</height>
				<font>METF_DialogSmallBold</font>
				<textcolor>eef8cd22</textcolor>
				<align>left</align>
				<scrollout>false</scrollout>
				<pauseatend>2000</pauseatend>
				<aspectratio>center</aspectratio>
			</control>
			<!-- Text (not used) -->
			<control type="fadelabel" id="402">
				<description>Line 2 Label</description>
				<posx>55</posx>
				<posy>55</posy>
				<width>720</width>
				<height>52</height>
				<font>METF_DialogSmallBold</font>
				<textcolor>eeFFFFFF</textcolor>
				<align>left</align>
				<scrollout>false</scrollout>
				<pauseatend>2000</pauseatend>
				<aspectratio>center</aspectratio>
			</control> 
		</control>
	</controls>
</window>
