<colors>
	<color name="OSDBackgroundColor">fff07000</color>
	<color name="MediaFlagBoxDiffuse">fff07000</color>
	<color name="BackgroundColor">fff07000</color>
	<color name="HelpArrowDiffuse">fff07000</color>
	<color name="FocusBar">fff07000</color>
	<color name="Temp">fff07000</color>
	<color name="WeatherLowTemp">fff07000</color>
	<color name="TimeAMPM">ff90c000</color>
	<color name="BannerFrameNF">fff07000</color>
	<color name="DialogBackgroundColor">fff07000</color>
	<color name="DialogDropdownColor">fff07000</color>
	<color name="FilesStarDiffuse">fff07000</color>
	<color name="InfoLines">fff07000</color>
	<color name="MediaDetailsGenre">ff90c000</color>
	<color name="NowPlayingWindowFocus">fff07000</color>
	<color name="OSDBookmarkFO">ffa04000</color>
	<color name="OSDDialogBackgroundColor">fff07000</color>
	<color name="RatingStarDiffuse">ff90c000</color>
	<color name="RSSTitle">fff07000</color>
</colors>
