<colors>
	<color name="OSDBackgroundColor">ff0000f0</color>
	<color name="MediaFlagBoxDiffuse">ff5070f0</color>
	<color name="BackgroundColor">ff0000f0</color>
	<color name="HelpArrowDiffuse">ff5070f0</color>
	<color name="FocusBar">ff0000f0</color>
	<color name="WeatherLowTemp">ff5070f0</color>
	<color name="TimeAMPM">ff5070f0</color>
	<color name="ArrowDiffuse">ff5070f0</color>
	<color name="BannerFrameNF">ff0000f0</color>
	<color name="DialogBackgroundColor">ff0000f0</color>
	<color name="DialogDropdownColor">ff0000f0</color>
	<color name="FilesStarDiffuse">ff0000f0</color>
	<color name="GlobalDialog">ff0000f0</color>
	<color name="GlobalDialogDetails">ff0000f0</color>
	<color name="MediaDetailsGenre">ff5070f0</color>
	<color name="OSDBookmarkFO">ff0000f0</color>
	<color name="OSDDialogBackgroundColor">ff0000f0</color>
	<color name="RatingStarDiffuse">ff5070f0</color>
	<color name="RSSTitle">ff5070f0</color>
</colors>
