<?xml version="1.0" encoding="UTF-8"?>
<window>
	<defaultcontrol>9061</defaultcontrol>
	<controls>
		<control type="group">
			<animation effect="slide" start="1300,0" end="-20,0" time="400" tween="quadratic" easing="out">WindowOpen</animation>
			<animation effect="slide" start="-20,0" end="1300,0" time="400" tween="quadratic" easing="out">WindowClose</animation>
			<control type="image">
				<posx>0</posx>
				<posy>-10</posy>
				<width>1340</width>
				<height>740</height>
				<texture>dialogs/dialogbg_icon2.png</texture>
				<colordiffuse>FF6eb3ee</colordiffuse>
			</control>
			<control type="group">
				<posx>70</posx>
				<posy>15</posy>
				<control type="grouplist">
					<posx>-8</posx>
					<description>Text Area using image</description>
					<pagecontrol>9061</pagecontrol>
					<control type="image" id="9050">
						<height>710</height>
					</control>
				</control>
				<control type="label" id="9001">
					<description>Header Label</description>
					<posx>20</posx>
					<posy>0</posy>
					<width>1185</width>
					<height>55</height>
					<font>mono30</font>
					<textcolor>eeffff00</textcolor>
					<align>center</align>
					<aligny>center</aligny>
				</control>
				<control type="textbox" id="9051">
					<description>Text Area big left</description>
					<posx>15</posx>
					<posy>55</posy>
					<width>1175</width>
					<height>610</height>
					<monofont>mono30</monofont>
					<font>mono30</font>
					<textcolor>ddFFFFFF</textcolor>
					<align>left</align>
					<aligny>center</aligny>
					<pagecontrol>9061</pagecontrol>
				</control>
				<control type="textbox" id="9052">
					<description>Text Area big right</description>
					<posx>-270</posx>
					<posy>55</posy>
					<width>1450</width>
					<height>610</height>
					<monofont>mono30</monofont>
					<font>mono30</font>
					<textcolor>ddFFFFFF</textcolor>
					<align>right</align>
					<aligny>center</aligny>
					<pagecontrol>9061</pagecontrol>
				</control>
				<control type="textbox" id="9053">
					<description>Text Area small left</description>
					<posx>0</posx>
					<posy>55</posy>
					<width>1195</width>
					<height>610</height>
					<monofont>font13</monofont>
					<font>font13</font>
					<textcolor>ddFFFFFF</textcolor>
					<align>left</align>
					<aligny>center</aligny>
					<pagecontrol>9061</pagecontrol>
				</control>
				<control type="textbox" id="9054">
					<description>Text Area big center</description>
					<posx>0</posx>
					<posy>55</posy>
					<width>1195</width>
					<height>610</height>
					<monofont>mono30</monofont>
					<font>mono30</font>
					<textcolor>ddFFFFFF</textcolor>
					<align>center</align>
					<aligny>center</aligny>
					<pagecontrol>9061</pagecontrol>
				</control>
				<control type="scrollbar" id="9061">
					<right>-30</right>
					<posy>55</posy>
					<height>610</height>
					<width>1260</width>
					<onleft>PreviousMenu</onleft>
					<onright>PreviousMenu</onright>
					<ondown>9061</ondown>
					<onup>9061</onup>
					<showonepage>false</showonepage>
					<orientation>vertical</orientation>
					<texturesliderbackground></texturesliderbackground>
					<texturesliderbar></texturesliderbar>
					<texturesliderbarfocus></texturesliderbarfocus>
					<textureslidernib></textureslidernib>
					<textureslidernibfocus>new_scrollbarvnibfo.png</textureslidernibfocus>
				</control>
			</control>
		</control>
	</controls>
</window>
